branch,gtr,frac,rank,n_branches,omega_base,omega_pos,weight_pos,LRT,p_corr,n_codons,Orthogroup,product
Node408,0.007692915444183251,0.12868762351909865,1,310,0.06591147621452081,,0.0,0.0,1.0,661,OG0000057,LSDV094 putative virion core protein [Lumpy skin disease virus NI-2490]
Node408,0.004898265160850655,0.06248510210995504,6,316,0.04361226974400374,,0.0,0.0,1.0,1156,OG0000058,LSDV116 RNA polymerase subunit [Lumpy skin disease virus NI-2490]
Node408,0.006226463901448103,0.0429739159863209,8,309,0.1014194843567064,,0.0,0.0,1.0,164,OG0000059,LAP/PHD finger-like protein [Lumpy skin disease virus NI-2490]
Node402,0.01193248218772766,0.08444787557488471,4,312,0.4797769185219124,,0.0,0.0,1.0,381,OG0000060,G protein-coupled chemokine receptor-like protein [Lumpy skin disease virus NI-2490]
Node408,0.008049896577775273,0.09609455529395235,4,305,0.435686179521763,,0.0,0.0,1.0,211,OG0000061,ankyrin repeat protein [Lumpy skin disease virus NI-2490]
Node408,0.002073653513952674,0.018152026412738987,17,306,10000000000.0,10000000000.0,1.0,0.5003948079759084,0.329459457634163,161,OG0000063,IL-18 binding protein [Lumpy skin disease virus NI-2490]
Node406,0.003511731206024878,0.01769070233216295,15,301,0.0,,0.0,0.0,1.0,101,OG0000064,LSDV016 EGF-like growth factor [Lumpy skin disease virus NI-2490]
Node408,0.009963860849613084,0.09313636498700086,3,303,0.1912245562851861,,0.0,0.0,1.0,176,OG0000065,anti-apoptotic membrane protein [Lumpy skin disease virus NI-2490]
Node406,0.03981755417180387,0.16212559101520774,3,300,10000000000.0,10000000000.0,1.0,7.330015534439326,0.009037441079938036,89,OG0000067,hypothetical protein LSDVgp021 [Lumpy skin disease virus NI-2490]
Node406,0.002747135554123592,0.01819076817325265,17,302,10000000000.0,10000000000.0,1.0,0.2953045208573712,0.3761875504879613,118,OG0000068,hypothetical protein LSDVgp022 [Lumpy skin disease virus NI-2490]
Node408,0.01073682815811536,0.14353934530986956,2,301,0.0,,0.0,0.0,1.0,216,OG0000069,S-S bond formation pathway protein [Lumpy skin disease virus NI-2490]
Node404,0.002276386797890127,0.04696148938935719,7,303,1.527299654582022,1.30216389903664,1.0,0.01659048185319989,0.4770242619407254,447,OG0000070,Ser/Thr kinase [Lumpy skin disease virus NI-2490]
Node408,0.002859156720321603,0.03723544311100318,8,314,10000000000.0,10000000000.0,1.0,1.66861507104295,0.1695413358463157,640,OG0000071,EEV maturation protein [Lumpy skin disease virus NI-2490]
Node404,0.01026273598359353,0.11138397750695163,1,311,0.0,,0.0,0.0,1.0,370,OG0000072,palmytilated EEV membrane glycoprotein [Lumpy skin disease virus NI-2490]
Node402,0.01078332073800672,0.11175468887082345,3,294,0.365789952942715,,0.0,0.0,1.0,104,OG0000075,DNA-binding virion core protein [Lumpy skin disease virus NI-2490]
Node406,0.002956568708436493,0.05840399413981079,5,308,0.06829127139692646,,0.0,0.0,1.0,635,OG0000083,LSDV084 putative early transcription factor small subunit [Lumpy skin disease virus NI-2490]
Node406,0.01829126318542248,0.164013394750625,1,301,0.1474548094744023,,0.0,0.0,1.0,150,OG0000084,late transcription factor VLTF-2 [Lumpy skin disease virus NI-2490]
Node408,0.004440851076889699,0.12072626320070104,5,295,0.0,,0.0,0.0,1.0,75,OG0000085,LSDV093 hypothetical protein [Lumpy skin disease virus NI-2490]
Node404,0.004037839118822643,0.05313705109699579,7,297,0.3260896913077186,,0.0,0.0,1.0,161,OG0000086,virion core protein [Lumpy skin disease virus NI-2490]
Node408,0.005968325056017012,0.07096243843082202,5,301,0.0,,0.0,0.0,1.0,172,OG0000087,LSDV096 RNA polymerase subunit [Lumpy skin disease virus NI-2490]
Node408,0.005307418806022832,0.06889691754057369,5,317,0.2608343274343444,,0.0,0.0,1.0,714,OG0000089,LSDV098 putative early transcription factor large subunit [Lumpy skin disease virus NI-2490]
Node408,0.004497279816930986,0.07497378878234644,4,303,0.1468403112093312,,0.0,0.0,1.0,292,OG0000090,LSDV099 putative intermediate transcription factor subunit [Lumpy skin disease virus NI-2490]
Node402,0.004236853060447133,0.04245099022104108,14,297,0.0,,0.0,0.0,1.0,78,OG0000091,LSDV100 putative IMV membrane protein [Lumpy skin disease virus NI-2490]
Node402,0.007111259441986387,0.09044464516977609,3,314,0.02958477570425758,,0.0,0.0,1.0,905,OG0000092,LSDV101 putative virion core protein [Lumpy skin disease virus NI-2490]
Node406,0.0007776988079716874,0.010186756258447886,17,301,0.0,,0.0,0.0,1.0,317,OG0000093,LSDV102 hypothetical protein [Lumpy skin disease virus NI-2490]
Node406,0.0106190303108751,0.087516873455865,5,302,0.1383441291943294,,0.0,0.0,1.0,190,OG0000094,LSDV103 putative virion core protein [Lumpy skin disease virus NI-2490]
Node400,0.007180799864795986,0.09120217174858973,4,293,0.0,,0.0,0.0,1.0,95,OG0000096,IMV membrane protein [Lumpy skin disease virus NI-2490]
Node408,0.0007296185104922486,0.008532450478637616,25,307,0.0,,0.0,0.0,1.0,377,OG0000098,LSDV108 putative myristylated membrane protein [Lumpy skin disease virus NI-2490]
Node408,0.00868670224185368,0.11271217358506433,2,301,10000000000.0,10000000000.0,1.0,2.19035339105244,0.1281196399500056,196,OG0000099,LSDV109 putative phosphorylated IMV membrane protein [Lumpy skin disease virus NI-2490]
Node402,0.0041929533679466,0.036685914974671344,9,308,0.1447525192405205,,0.0,0.0,1.0,480,OG0000100,LSDV110 putative DNA helicase transcriptional elongation factor [Lumpy skin disease virus NI-2490]
Node402,0.004966261909322618,0.06376166709868183,4,295,0.0,,0.0,0.0,1.0,74,OG0000101,LSDV111 hypothetical protein [Lumpy skin disease virus NI-2490]
Node406,0.004609100846957743,0.08242612338949203,6,305,0.0,,0.0,0.0,1.0,430,OG0000102,LSDV112 putative DNA polymerase processivity factor [Lumpy skin disease virus NI-2490]
Node408,0.0216296050554638,0.1763488255895866,2,298,0.1895907493418507,,0.0,0.0,1.0,149,OG0000104,Hypothetical protein LSDVgp117 [Lumpy skin disease virus NI-2490]
Node406,0.009647716194236362,0.14264402724435474,3,299,0.0,,0.0,0.0,1.0,140,OG0000105,LSDV118 hypothetical protein [Lumpy skin disease virus NI-2490]
Node408,0.008910372860754748,0.1278045736491036,3,303,0.1527993897672563,,0.0,0.0,1.0,303,OG0000106,LSDV119 RNA polymerase subunit [Lumpy skin disease virus NI-2490]
Node406,0.00394971789056916,0.08717287946139217,5,299,0.1317759401416845,,0.0,0.0,1.0,256,OG0000109,LSDV121 putative DNA packaging protein [Lumpy skin disease virus NI-2490]
Node406,0.005121805024426996,0.05372895503264092,8,302,0.0,,0.0,0.0,1.0,215,OG0000110,EEV glycoprotein [Lumpy skin disease virus NI-2490]
Node408,0.01381301988108434,0.11942158489004276,2,304,0.5435630762829613,,0.0,0.0,1.0,171,OG0000111,IEV and EEV membrane glycoprotein [Lumpy skin disease virus NI-2490]
Node408,0.007012158495677034,0.08865758346225265,4,301,1.074661990275561,,0.0,0.0,1.0,191,OG0000112,hypothetical protein LSDVgp124 [Lumpy skin disease virus NI-2490]
Node408,0.003746064145546151,0.08348069201438098,5,300,0.1394765870096958,,0.0,0.0,1.0,288,OG0000113,hypothetical protein LSDVgp125 [Lumpy skin disease virus NI-2490]
Node406,0.009719321960806854,0.08902087824432525,3,305,0.1517558739989259,,0.0,0.0,1.0,181,OG0000114,EEV glycoprotein [Lumpy skin disease virus NI-2490]
Node406,0.007036655842148613,0.0416072992896003,8,304,0.0,,0.0,0.0,1.0,123,OG0000115,hypothetical protein LSDVgp129 [Lumpy skin disease virus NI-2490]
Node406,0.004143875727204138,0.02105303790851859,12,308,0.0,,0.0,0.0,1.0,171,OG0000116,superoxide dismutase precursor [Lumpy skin disease virus NI-2490]
Node408,0.004267538101880567,0.03321259500367319,10,313,0.2350140280573373,,0.0,0.0,1.0,560,OG0000117,LSDV133 DNA ligase-like protein [Lumpy skin disease virus NI-2490]
Node406,0.01073965936114986,0.06368244175448216,7,305,0.7449248857789648,,0.0,0.0,1.0,361,OG0000118,LSDV135 putative IFN-alpha/beta binding protein [Lumpy skin disease virus NI-2490]
Node408,0.005095638060671865,0.0505857255878212,9,305,0.2762821991123454,,0.0,0.0,1.0,335,OG0000119,LSDV137 hypothetical protein [Lumpy skin disease virus NI-2490]
Node408,0.105217162652731,0.43704574446363315,1,300,0.5895773788863351,697.5950777658272,0.140775490479051,103.52976214708,0.0,217,OG0000120,Ig domain OX-2-like protein [Lumpy skin disease virus NI-2490]
Node408,0.01393907241640269,0.09119721977625184,4,309,0.299812049186531,,0.0,0.0,1.0,240,OG0000122,N1R/p28-like protein [Lumpy skin disease virus NI-2490]
Node406,0.000669994404350344,0.00507673813435403,19,302,10000000000.0,10000000000.0,1.0,0.3478641048104691,0.3631711399017069,231,OG0000123,EEV Host range protein [Lumpy skin disease virus NI-2490]
