Orthogroup,N_sequences,N_codons,LRT,p_value,omega_max,omega_MG94,prop_sites_omega_gt1,prop_dS_near0,dS_min,dS_max,uniq_aa,poly_nt_sites,poly_aa_sites,q_value_BH,product
OG0000116,239,171,46.97251492681585,3.155137262567109e-11,19799.55170012693,0.3555735562169953,0.07968849797084385,0.8809955761385854,3.824830544608383e-07,8.403046123580268,6,52,21,1.7668768670375812e-09,superoxide dismutase precursor [Lumpy skin disease virus NI-2490]
OG0000118,239,361,27.08363065874073,6.574070117726372e-07,1442789.095606505,0.1683099993399373,0.002770668354896403,0.9310588116038663,0.0,14.49176103184325,9,28,11,1.840739632963384e-05,LSDV135 putative IFN-alpha/beta binding protein [Lumpy skin disease virus NI-2490]
OG0000100,237,480,25.09511316048884,1.776787213525477e-06,4219.615945844733,0.06623784273769062,0.005019545236857045,0.9541888464060744,0.0,21.69784253885018,10,23,8,3.316669465247557e-05,LSDV110 putative DNA helicase transcriptional elongation factor [Lumpy skin disease virus NI-2490]
OG0000070,238,447,15.21962741914695,0.0002477820843825307,20778.06332045636,0.0570706147783305,0.01859001696333756,0.938663902657942,0.0,16.30361309789925,6,13,3,0.0034689491813554296,Ser/Thr kinase [Lumpy skin disease virus NI-2490]
OG0000110,239,215,14.66472690369096,0.0003270130000497251,11225.46685121418,0.09353741244950298,0.02550575863527196,0.8971461155945589,0.0,9.722530226064057,9,12,6,0.003662545600556921,EEV glycoprotein [Lumpy skin disease virus NI-2490]
OG0000115,239,123,12.52979122918907,0.0009509559700201509,2624.561716169257,0.1090986875220474,0.04078030129345525,0.9385751615340729,0.0,16.27966750485497,5,13,7,0.008875589053521407,hypothetical protein LSDVgp129 [Lumpy skin disease virus NI-2490]
OG0000059,240,164,10.89413982669362,0.002154455848399406,29281.89285108006,0.2018130450691166,0.0112472628439396,0.8983378460986917,0.0,9.81735136596015,6,16,8,0.017235646787195247,LAP/PHD finger-like protein [Lumpy skin disease virus NI-2490]
OG0000072,237,370,8.770942521774032,0.006228508123483689,1519143.672244158,0.06787160622985941,0.0009035915604452726,0.9492849874364613,8.908302740062369e-40,19.69699347750486,7,17,4,0.03840087630298699,palmytilated EEV membrane glycoprotein [Lumpy skin disease virus NI-2490]
OG0000089,240,714,8.562451034463265,0.006912854028564674,1216.725143185807,0.08436107009282967,0.01005745176780022,0.9139683144041558,3.114509111795623e-21,11.62362440156939,16,38,10,0.03840087630298699,LSDV098 putative early transcription factor large subunit [Lumpy skin disease virus NI-2490]
OG0000092,237,905,8.536219218051883,0.007004119594493485,215703.6759185761,0.02389838418474266,0.0001261868110843493,0.9636456475622439,0.01181753197876858,27.19362561304084,6,27,2,0.03840087630298699,LSDV101 putative virion core protein [Lumpy skin disease virus NI-2490]
OG0000058,240,1156,8.387968473374713,0.007543029273801016,1661.723169185997,0.04669134748629201,0.004921293132840571,0.9244483931484433,1.097644167963294e-19,13.23598586016567,9,58,11,0.03840087630298699,LSDV116 RNA polymerase subunit [Lumpy skin disease virus NI-2490]
OG0000104,240,149,6.102462301862715,0.02365032714336773,8077.342394619051,0.0538785318580983,0.009817143466988589,0.9232610686602981,0.0007624194761689275,13.01500699067269,4,8,2,0.11036819333571607,Hypothetical protein LSDVgp117 [Lumpy skin disease virus NI-2490]
OG0000084,239,150,5.403801713310031,0.03353894301777915,443666.5349919068,0.02556815380982739,0.001095736071766238,0.9366268736630687,0.003345306279348096,15.72979826054093,2,6,1,0.1425712292597714,late transcription factor VLTF-2 [Lumpy skin disease virus NI-2490]
OG0000057,240,661,5.282121460632879,0.03564280731494285,60.37653985908081,0.06227098710202917,0.01255930810738408,0.9353925925201703,0.0041672874897797,15.3896831024784,11,26,8,0.1425712292597714,LSDV094 putative virion core protein [Lumpy skin disease virus NI-2490]
OG0000098,240,377,4.447214677515603,0.05410901239663257,10.64127157707809,0.07342107453285834,0.01328192276973994,0.9115361733018832,0.02648302934043725,10.94094147806178,12,29,8,0.20200697961409494,LSDV108 putative myristylated membrane protein [Lumpy skin disease virus NI-2490]
OG0000074,239,145,4.174095283304268,0.06202642207862158,80669.74386830356,0.1014608852140454,0.1314367229393621,0.9477915055707805,0.0,19.1539712250413,3,3,1,0.21709247727517553,hypothetical protein LSDVgp029 [Lumpy skin disease virus NI-2490]
OG0000068,239,118,4.050907768469528,0.06596697343210345,480.917358815952,352.776538474643,1.0,0.9466400814445117,0.0,18.74065828942588,8,5,5,0.21730297130575255,hypothetical protein LSDVgp022 [Lumpy skin disease virus NI-2490]
OG0000090,240,292,2.937333736796973,0.1151161052421022,10000000000.0,0.0368725678057699,0.01252191156959309,0.9374133040264511,0.0,15.97783657444756,2,7,1,0.3581389940865402,LSDV099 putative intermediate transcription factor subunit [Lumpy skin disease virus NI-2490]
OG0000105,239,140,2.481366628640217,0.1445932725330032,542.8466300302276,0.1191026734175222,0.05380323851069624,0.893258118016143,0.0,9.368389898122622,4,6,2,0.42616964536043045,LSDV118 hypothetical protein [Lumpy skin disease virus NI-2490]
OG0000085,240,75,2.255020730072374,0.1619192466168765,10000000000.0,0.4591781934560914,0.02505012679168384,0.0,0.07371804177355883,1.214650439429838,4,2,1,0.4533738905272543,LSDV093 hypothetical protein [Lumpy skin disease virus NI-2490]
OG0000060,237,381,1.768430097190958,0.2065191304992252,77.57382394148007,0.09076176942241274,0.008135704387031002,0.8900150705667192,3.395218999401575e-18,9.092154762954333,13,28,7,0.5,G protein-coupled chemokine receptor-like protein [Lumpy skin disease virus NI-2490]
OG0000113,240,288,1.544341840107336,0.2310044971023882,32.5015087793661,0.05774877151299587,0.01205538345106711,0.8600843297098577,0.0,7.147162272290709,3,9,2,0.5,hypothetical protein LSDVgp125 [Lumpy skin disease virus NI-2490]
OG0000093,239,317,0.7049168617977557,0.3514788952557074,1.92139232400817,0.1535495279035939,0.1436051651109748,0.9326921459098503,0.0,14.85710714622749,6,13,4,0.5,LSDV102 hypothetical protein [Lumpy skin disease virus NI-2490]
OG0000064,239,101,0.2658484907350385,0.4377657075753559,73.91978720925582,69.77169236680754,0.9271713875980125,0.0,0.3879077179294153,2.892471158402295,4,1,1,0.5,LSDV016 EGF-like growth factor [Lumpy skin disease virus NI-2490]
OG0000106,240,303,0.2076736713552236,0.4506861786140913,2.314951607244927,0.07351796272297975,0.03779469655937544,0.1697268861151452,1.526510813361814e-08,11.08242860941666,6,14,4,0.5,LSDV119 RNA polymerase subunit [Lumpy skin disease virus NI-2490]
OG0000088,240,375,0.06833423587568177,0.4832049933478892,3.644784361403017,0.06979459609219427,0.01615376213628998,0.8453649600219241,0.03367529199543258,19.84935490421177,7,14,3,0.5,LSDV097 hypothetical protein [Lumpy skin disease virus NI-2490]
OG0000073,240,49,0.0,0.5,3.569492032621997,0.2507169599796623,0.0,0.9592899749027541,0.03737716884070196,23.68311853303611,4,2,1,0.5,hypothetical protein
OG0000071,240,640,0.0,0.5,5.167490225094906,0.1178151020696358,0.0,0.9565087949362081,1.22119957090871e-19,22.955247479087,12,21,7,0.5,EEV maturation protein [Lumpy skin disease virus NI-2490]
OG0000066,235,321,0.0,0.5,6.164354992326384,0.08254268154318364,0.0,0.9120228226593863,0.0,11.36658426910385,4,12,4,0.5,LSDV020 ribonucleotide reductase small subunit [Lumpy skin disease virus NI-2490]
OG0000061,240,211,0.0,0.5,1.0,0.4668969070662015,0.0,0.9447398010937,0.0,18.09620703131376,9,8,5,0.5,ankyrin repeat protein [Lumpy skin disease virus NI-2490]
OG0000067,239,89,0.0,0.5,1.013575130452515,0.8079888780021899,0.0,0.0,0.1215518119638294,9.865394075754821,10,9,4,0.5,hypothetical protein LSDVgp021 [Lumpy skin disease virus NI-2490]
OG0000069,240,216,0.0,0.5,6.642362249155255,0.1214158939883174,0.0,0.6315402239509054,0.0,2.71400045534613,3,14,3,0.5,S-S bond formation pathway protein [Lumpy skin disease virus NI-2490]
OG0000097,238,95,0.0,0.5,5.386475601998308,0.6453487899555684,0.0,0.9433152165271514,0.0,17.6414187147595,4,3,2,0.5,LSDV107 hypothetical protein [Lumpy skin disease virus NI-2490]
OG0000096,235,95,0.0,0.5,1.545876421342882,0.0,0.0,0.9177005891346014,0.0,12.15075526646854,2,4,0,0.5,IMV membrane protein [Lumpy skin disease virus NI-2490]
OG0000094,239,190,0.0,0.5,6.250934531944779,0.2469440675492971,0.0,0.6417141348365322,0.03509805939602895,12.78621704442147,11,14,7,0.5,LSDV103 putative virion core protein [Lumpy skin disease virus NI-2490]
OG0000091,237,78,0.0,0.5,3.746824519304493,0.0,0.0,0.8942836654907815,1.630783205033007e-19,9.459276134028284,1,5,0,0.5,LSDV100 putative IMV membrane protein [Lumpy skin disease virus NI-2490]
OG0000083,239,635,0.0,0.5,1.010474576333039,0.09817342222582845,0.0,0.9568630331818389,0.0,73.16787087226922,8,15,5,0.5,LSDV084 putative early transcription factor small subunit [Lumpy skin disease virus NI-2490]
OG0000075,237,104,0.0,0.5,8.811698557626018,0.07397964294433884,0.0,0.0,0.1190606773440589,8.783950718576572,3,9,3,0.5,DNA-binding virion core protein [Lumpy skin disease virus NI-2490]
OG0000086,238,161,0.0,0.5,4.308789289620758,0.1328032492210271,0.0,0.7137340669641534,0.03093690512165128,11.55970825591005,4,7,2,0.5,virion core protein [Lumpy skin disease virus NI-2490]
OG0000087,239,172,0.0,0.5,1.0,0.1710194914379304,0.0,0.889829767076256,0.03220004371022583,16.0012604246149,10,9,4,0.5,LSDV096 RNA polymerase subunit [Lumpy skin disease virus NI-2490]
OG0000065,240,176,0.0,0.5,5.798564934711064,1.181514742040442,0.0,0.8963386741382424,9.646992182878744e-14,9.64679924399977,7,13,10,0.5,anti-apoptotic membrane protein [Lumpy skin disease virus NI-2490]
OG0000063,240,161,0.0,0.5,1.572062259344984,0.1800550166079228,0.0,0.89263502008486,9.314210286098951e-14,9.314024002824635,4,10,5,0.5,IL-18 binding protein [Lumpy skin disease virus NI-2490]
OG0000102,239,430,0.0,0.5,1.262756319922608,0.1544949185580156,0.0,0.9598565148326865,2.491114052820137e-13,24.91064230788188,10,9,3,0.5,LSDV112 putative DNA polymerase processivity factor [Lumpy skin disease virus NI-2490]
OG0000103,240,179,0.0,0.5,6.051750108252718,0.2990317350209178,0.0,0.9437318223577678,0.01149512917605674,36.96098057701654,4,14,7,0.5,LSDV114 hypothetical protein [Lumpy skin disease virus NI-2490]
OG0000111,240,171,0.0,0.5,7.296581614038193,0.1175414988492422,0.0,0.9534626278303092,9.524976806900486e-05,21.4861149673881,3,8,2,0.5,IEV and EEV membrane glycoprotein [Lumpy skin disease virus NI-2490]
OG0000109,239,256,0.0,0.5,1.013575130452515,0.0,0.0,0.9313364418462207,3.640977932648306e-14,14.56376609183999,4,5,0,0.5,LSDV121 putative DNA packaging protein [Lumpy skin disease virus NI-2490]
OG0000099,240,196,0.0,0.5,2.889061517585666,0.09740607851944295,0.0,0.9715622509273194,1.583163480039393e-19,35.16452717281603,3,3,1,0.5,LSDV109 putative phosphorylated IMV membrane protein [Lumpy skin disease virus NI-2490]
OG0000101,237,74,0.0,0.5,3.057237000978775,0.0,0.0,0.8996710216756624,0.01553499911302179,9.819636989124435,2,3,0,0.5,LSDV111 hypothetical protein [Lumpy skin disease virus NI-2490]
OG0000114,239,181,0.0,0.5,4.473361715440488,0.1780084672097271,0.0,0.0,0.3970620570741041,11.03428382946815,10,17,6,0.5,EEV glycoprotein [Lumpy skin disease virus NI-2490]
OG0000112,240,191,0.0,0.5,1.389898969404069,0.03015974316459444,0.0,0.9738966631542002,0.0,38.30927846149708,3,3,1,0.5,hypothetical protein LSDVgp124 [Lumpy skin disease virus NI-2490]
OG0000117,240,560,0.0,0.5,4.522112470910094,0.06674955417017774,0.0,0.8740672587208118,6.30109302056579e-20,7.940746702106943,15,45,11,0.5,LSDV133 DNA ligase-like protein [Lumpy skin disease virus NI-2490]
OG0000119,240,335,0.0,0.5,7.093619495631763,0.1286043280207719,0.0,0.93023723370416,0.02634167283321176,13.94159775081788,5,17,5,0.5,LSDV137 hypothetical protein [Lumpy skin disease virus NI-2490]
OG0000120,240,217,0.0,0.5,7.17977391306819,1.329299493130534,0.0,0.9573772498421746,0.0,23.46164891512534,6,7,6,0.5,Ig domain OX-2-like protein [Lumpy skin disease virus NI-2490]
OG0000121,240,305,0.0,0.5,2.793167166223093,0.1187007256457615,0.0,0.9410483154125248,0.02371144423974653,16.58277149749811,8,15,5,0.5,LSDV139 putative ser/thr protein kinase [Lumpy skin disease virus NI-2490]
OG0000122,240,240,0.0,0.5,1.447176685186756,0.3341619290895099,0.0,0.8484440180261471,0.01727920120705972,9.144358963738062,12,22,14,0.5,N1R/p28-like protein [Lumpy skin disease virus NI-2490]
OG0000123,239,231,0.0,0.5,1.010023826262969,0.07248501407728579,0.0,0.9011854579744314,0.0,72.7506053961021,9,11,3,0.5,EEV Host range protein [Lumpy skin disease virus NI-2490]
