Orthogroup,N_sequences,N_codons,LRT,p_value,omega_mean,omega_max,prop_sites_omega_gt1,omega_MG94,prop_dS_near_zero,n_SRV_classes,treelen_MG94,treelen_GTR,n_branches,q_value_BH,Selection,divergence_per_codon,n_annotated,product,product_agreement_pct,n_distinct_products,gene,COG
OG0000058,290,1156,31.07015665652034,8.957178115887032e-08,3.736076701275816,16597.66822914845,0.0002240452675461503,0.03315360893077952,0.0,3,0.08334217964497809,0.07839092832450169,316,3.4499704049117965e-06,Episodic diversifying (positive),7.209531111157274e-05,283,LSDV116 RNA polymerase subunit [Lumpy skin disease virus NI-2490],92.9,2,,
OG0000100,287,480,30.25419973569933,1.346957846370955e-07,0.5014072938881567,25.64030247851992,0.0191707909444086,0.1739559270715144,0.0,3,0.11825306239724548,0.11429327523947024,308,3.4499704049117965e-06,Episodic diversifying (positive),0.0002463605466609281,283,LSDV110 putative DNA helicase transcriptional elongation factor [Lumpy skin disease virus NI-2490],92.9,2,,
OG0000116,289,171,29.75945999681289,1.724985202455898e-07,35.41701277577626,6883.241713326728,0.005129981068663907,0.212450987571429,0.2856824764133526,3,0.19958479812789218,0.19683030552122102,308,3.4499704049117965e-06,Episodic diversifying (positive),0.0011671625621514161,283,superoxide dismutase precursor [Lumpy skin disease virus NI-2490],87.3,2,,
OG0000120,290,217,23.96115679561854,3.132354567225715e-06,3.4650612395778646,29.10750132220631,0.1183408378939347,0.537675885553731,0.5106661041809613,3,0.24370927851849353,0.24074633881385016,300,4.698531850838573e-05,Episodic diversifying (positive),0.0011230842328041177,283,Ig domain OX-2-like protein [Lumpy skin disease virus NI-2490],75.3,2,,
OG0000123,289,231,16.69423641948424,0.0001185393730856465,1.0046126922676728,11.02006872293713,0.09116210774409016,0.2793880220273057,0.6356594440699633,3,0.13480689705389254,0.13197335390424755,302,0.001422472477027758,Episodic diversifying (positive),0.0005835796409259417,283,EEV Host range protein [Lumpy skin disease virus NI-2490],92.9,2,,
OG0000110,289,215,14.57442614774482,0.0003421161514697291,0.536058394336702,12.42952499418452,0.04312782625140631,0.2222293214049677,0.0,3,0.10192356539192306,0.09532672235209344,302,0.003421161514697291,Episodic diversifying (positive),0.00047406309484615376,283,EEV glycoprotein [Lumpy skin disease virus NI-2490],92.9,2,,
OG0000106,290,303,11.03904078464757,0.002003884819257395,0.2130257612149344,21.04628288600529,0.01012177600998539,0.09900986561479956,0.1095697502079306,3,0.07239216199043472,0.06971873423336382,303,0.017176155593634813,Episodic diversifying (positive),0.00023891802637107169,283,LSDV119 RNA polymerase subunit [Lumpy skin disease virus NI-2490],92.9,2,,
OG0000091,287,78,10.73646953390039,0.002331177096224435,30.489177265931662,6915.701209934922,0.00440868920452082,0.05778920941339361,0.0,3,0.1063889472064547,0.09980575380870367,297,0.017483828221683262,Episodic diversifying (positive),0.001363960861621214,283,LSDV100 putative IMV membrane protein [Lumpy skin disease virus NI-2490],92.9,2,,
OG0000103,290,179,9.7174592132003,0.003880168156010444,1.2608988726410435,87.92186415291647,0.01408246595172382,0.2840132736917226,0.0,3,0.06305788554596832,0.06196446377689808,296,0.025867787706736294,Episodic diversifying (positive),0.0003522786902009403,283,LSDV114 hypothetical protein [Lumpy skin disease virus NI-2490],92.9,2,,
OG0000090,290,292,8.603502254307386,0.006772409766136522,3.785802821619209,909.7531385953868,0.004122378450975057,0.111359362283236,0.612406759285867,3,0.0626105668048705,0.05998469451753158,303,0.040634458596819134,Episodic diversifying (positive),0.00021441974933174827,283,LSDV099 putative intermediate transcription factor subunit [Lumpy skin disease virus NI-2490],92.9,2,,
OG0000087,289,172,7.517696639786664,0.01165528562201495,0.6634080482416793,57.49028297300035,0.01121584019634922,0.1151907533721426,0.4321559109203713,3,0.08921801092560051,0.08410541149891848,301,0.06357428521099064,Purifying,0.0005187093658465147,283,LSDV096 RNA polymerase subunit [Lumpy skin disease virus NI-2490],92.9,2,,
OG0000084,289,150,6.729218187918605,0.01728776463084636,0.8409664412655316,592.4776851640918,0.001236402382013385,0.1536454140008244,0.0,3,0.11355049354014947,0.11152298391990192,301,0.08643882315423179,Purifying,0.0007570032902676631,283,late transcription factor VLTF-2 [Lumpy skin disease virus NI-2490],92.9,2,,
OG0000072,287,370,5.45163239753856,0.03274636290914945,0.37352156403795755,125.014102555522,0.002668113468322195,0.08555683129835372,0.4338833489611731,3,0.09606298417941524,0.09208738866572991,311,0.15113705958068976,Purifying,0.0002596296869713925,283,palmytilated EEV membrane glycoprotein [Lumpy skin disease virus NI-2490],92.9,2,,
OG0000062,290,89,4.968830686788237,0.04168714279819319,1.035875715755364,19.56201637888484,0.0529534223718105,0.3104448723708575,0.0,3,0.088167715408187,0.08657567022323903,295,0.17865918342082796,Neutral / inconclusive,0.0009906484877324382,283,EIF2a-like PKR inhibitor [Lumpy skin disease virus NI-2490],92.9,2,,
OG0000057,290,661,4.543655793777361,0.05156175428225085,0.1725734650045122,100.3856791756013,0.001514090300876586,0.04770793709275861,0.0,3,0.06659747413865072,0.059779761517171376,310,0.199250830614545,Purifying,0.00010075260837919927,283,LSDV094 putative virion core protein [Lumpy skin disease virus NI-2490],92.9,2,,
OG0000098,290,377,4.483598904178962,0.05313355483054533,0.125179763729239,10.18834644278811,0.007537832412652342,0.09381100615376223,0.0,3,0.09008372846791826,0.08551102113849902,307,0.199250830614545,Purifying,0.00023894888187776727,283,LSDV108 putative myristylated membrane protein [Lumpy skin disease virus NI-2490],92.9,2,,
OG0000105,289,140,3.796570081819254,0.07491267165719628,0.2681919622641587,16.62836901796819,0.01612857893485268,0.1048287442867246,0.0,3,0.07266779364267761,0.06763491174929778,299,0.26439766467245746,Purifying,0.0005190556688762686,283,LSDV118 hypothetical protein [Lumpy skin disease virus NI-2490],92.9,2,,
OG0000067,289,89,3.514862238298747,0.0862436973487018,1.0895185934279656,16.94264000584027,0.03853350224427814,0.7910502018936841,3.662370570940872e-06,3,0.2459837070139342,0.24559697159758626,300,0.2874789911623393,Neutral / inconclusive,0.0027638618765610584,283,hypothetical protein LSDVgp021 [Lumpy skin disease virus NI-2490],92.9,2,,
OG0000074,289,145,2.681163375897995,0.1308467001813092,0.3391486423866813,8.00240114605692,0.04238085996898473,0.09659838519914765,0.9160124862182712,3,0.041000507718494596,0.03739252192616505,295,0.41320010583571326,Purifying,0.00028276212219651445,283,hypothetical protein LSDVgp029 [Lumpy skin disease virus NI-2490],92.9,2,,
OG0000086,288,161,1.923050296048359,0.1911546813536277,0.3282350661069439,3.013762938460053,0.1089120388064307,0.2345477916044267,0.0,3,0.08020573766293493,0.07598914571777829,297,0.5,Purifying,0.0004981722836207138,283,virion core protein [Lumpy skin disease virus NI-2490],92.9,2,,
OG0000112,290,191,1.234187039287235,0.2697551184458225,0.32461554783401386,3.9987522560261,0.07943241962207218,0.2286828990317797,0.0,3,0.07924859764868455,0.07909259288781537,301,0.5,Purifying,0.0004149141238151024,283,hypothetical protein LSDVgp124 [Lumpy skin disease virus NI-2490],92.9,2,,
OG0000121,290,305,0.6043049348654677,0.3696126742461546,0.15041351827343527,46.62254040168997,0.0009637383614142217,0.1180462065200723,0.0,3,0.09379522988841295,0.08868727508072079,305,0.5,Purifying,0.0003075253438964359,283,LSDV139 putative ser/thr protein kinase [Lumpy skin disease virus NI-2490],92.9,2,,
OG0000083,289,635,0.3773893462084743,0.414019645379582,0.07820151024698328,12.67446293488911,0.001937532800363684,0.0683456533688981,0.0,3,0.053700418045226975,0.05062258051936965,308,0.5,Purifying,8.456758747279839e-05,283,LSDV084 putative early transcription factor small subunit [Lumpy skin disease virus NI-2490],92.9,2,,
OG0000104,290,149,0.3731999737265141,0.4148877955680032,0.19559546946325065,1.462758791885481,0.13371683051799,0.1678123835853792,0.3540854546463592,3,0.12935705009860385,0.12265239046269877,298,0.5,Purifying,0.00086816812146714,283,Hypothetical protein LSDVgp117 [Lumpy skin disease virus NI-2490],92.9,2,,
OG0000093,289,317,0.06021478309958184,0.4851706607464892,0.11424101419000446,1.202974030031739,0.08468905518431773,0.09964992662735334,0.41560076935194,3,0.080465081796804,0.07634410682269355,301,0.5,Purifying,0.00025383306560506,283,LSDV102 hypothetical protein [Lumpy skin disease virus NI-2490],92.9,2,,
OG0000111,290,171,0.04312776865913293,0.4893334769943501,0.20885733157848754,1.150451992286496,0.1815437175812861,0.2162970246586039,0.337707636613842,3,0.12071427673574268,0.1156661144023843,304,0.5,Purifying,0.0007059314428990801,283,IEV and EEV membrane glycoprotein [Lumpy skin disease virus NI-2490],92.9,2,,
OG0000063,290,161,0.02405725091966815,0.4940217146294985,0.2409473319757782,9.129595376783902,0.002108395770277746,0.2118222477533973,0.357806741302425,3,0.11588329011251079,0.11423812784325808,306,0.5,Purifying,0.0007197719882764646,283,IL-18 binding protein [Lumpy skin disease virus NI-2490],92.9,2,,
OG0000118,289,361,0.006812019322751439,0.498299892104747,0.2541201403886475,1.022486767747817,0.2485314696373517,0.2614546239754306,0.0,3,0.16999760357346713,0.16864395931303622,305,0.5,Purifying,0.0004709074891231776,283,LSDV135 putative IFN-alpha/beta binding protein [Lumpy skin disease virus NI-2490],92.9,2,,
OG0000071,290,640,0.0,0.5,0.1125073886676368,10.43549528139882,0.0,0.1348946679422165,0.6018816390914379,3,0.08088926869818497,0.07678589528133378,314,0.5,Purifying,0.000126389482340914,283,EEV maturation protein [Lumpy skin disease virus NI-2490],92.9,2,,
OG0000070,288,447,0.0,0.5,0.0666058477913341,1.949800790470518,0.0,0.07103472647921778,0.6289905402801251,3,0.05336276092613235,0.04847347959977651,303,0.5,Purifying,0.00011937977835823791,283,Ser/Thr kinase [Lumpy skin disease virus NI-2490],92.9,2,,
OG0000060,287,381,0.0,0.5,0.2041189383031233,5.373435912020203,0.0,0.1987060120908936,0.0,3,0.14347447005294486,0.14129997997413776,312,0.5,Purifying,0.00037657341221245373,283,G protein-coupled chemokine receptor-like protein [Lumpy skin disease virus NI-2490],92.9,2,,
OG0000059,290,164,0.0,0.5,0.2559737267501966,8.621921394700596,0.0,0.2577636086234557,0.442728256424904,3,0.15190649999370742,0.14488936840836134,309,0.5,Purifying,0.000926259146303094,283,LAP/PHD finger-like protein [Lumpy skin disease virus NI-2490],92.9,2,,
OG0000095,290,74,0.0,0.5,0.3670515020230018,1.86137272808308,0.0,0.3175037369046302,0.0,3,0.0606995245095039,0.061862138007842515,295,0.5,Purifying,0.0008202638447230257,283,IMV membrane protein [Lumpy skin disease virus NI-2490],92.9,2,,
OG0000094,289,190,0.0,0.5,0.18916004331930913,5.621111300159814,0.0,0.1964234453052125,0.0,3,0.12579731517565357,0.12133694688998307,302,0.5,Purifying,0.0006620911325034398,283,LSDV103 putative virion core protein [Lumpy skin disease virus NI-2490],92.9,2,,
OG0000092,287,905,0.0,0.5,0.09461908455762627,1.0,0.0,0.0908809893257129,0.0,3,0.08116285699059002,0.07862555038185835,314,0.5,Purifying,8.96827149067293e-05,283,LSDV101 putative virion core protein [Lumpy skin disease virus NI-2490],92.9,2,,
OG0000088,290,375,0.0,0.5,0.1351965627506548,1.0,0.0,0.1167283670484291,0.0,3,0.0670151827646545,0.065544035548921,306,0.5,Purifying,0.00017870715403907867,283,LSDV097 hypothetical protein [Lumpy skin disease virus NI-2490],92.9,2,,
OG0000089,290,714,0.0,0.5,0.08823445141278216,1.048844818929634,0.0,0.08695302560650918,0.0,3,0.0806400681643872,0.07703419827015151,317,0.5,Purifying,0.00011294127193891763,283,LSDV098 putative early transcription factor large subunit [Lumpy skin disease virus NI-2490],92.9,2,,
OG0000073,290,49,0.0,0.5,0.1892522752292333,9.898055246695872,0.0,0.1780662611308692,0.3298335719351495,3,0.08148980050740484,0.07638781642768365,297,0.5,Purifying,0.0016630571532123438,283,hypothetical protein,100.0,1,,
OG0000075,287,104,0.0,0.5,0.1375577294434924,1.08800602848934,0.0,0.1295666858339308,0.5307211937636902,3,0.10642392838905768,0.09649099690499163,294,0.5,Purifying,0.0010233070037409392,283,DNA-binding virion core protein [Lumpy skin disease virus NI-2490],92.9,2,,
OG0000085,290,75,-0.0001633918724337491,0.5,0.1573036868102442,1.048830043477147,0.001796823402136401,0.1714660121649976,0.0,3,0.03701329290308549,0.036784465609666216,295,0.5,Purifying,0.0004935105720411399,283,LSDV093 hypothetical protein [Lumpy skin disease virus NI-2490],92.9,2,,
OG0000064,289,101,0.0,0.5,0.3770609853124925,7.163925157572053,0.0,0.5682938593814048,0.0,3,0.20229963585997915,0.19850716721632364,301,0.5,Purifying,0.002002966691682962,283,LSDV016 EGF-like growth factor [Lumpy skin disease virus NI-2490],92.9,2,,
OG0000061,290,211,0.0,0.5,0.3606823515678714,8.344271190922447,0.0,0.3890848382232111,0.5741537411001955,3,0.08419459835041894,0.08377057943762488,305,0.5,Purifying,0.0003990265324664405,283,ankyrin repeat protein [Lumpy skin disease virus NI-2490],92.9,2,,
OG0000066,285,321,0.0,0.5,0.07259813166222359,1.0,0.0,0.0741468738849782,0.6059006910997341,3,0.07039991160621521,0.06350246636489845,297,0.5,Purifying,0.0002193143663745022,283,LSDV020 ribonucleotide reductase small subunit [Lumpy skin disease virus NI-2490],92.9,2,,
OG0000065,290,176,0.0,0.5,0.5100953345103284,8.990100379475566,0.0,0.5315828359520002,0.0,3,0.10784653520786527,0.10698756919389465,303,0.5,Purifying,0.0006127644045901436,283,anti-apoptotic membrane protein [Lumpy skin disease virus NI-2490],92.9,2,,
OG0000068,289,118,0.0,0.5,0.8254566743567245,2.093536260163942,0.0,0.7132465745492826,0.0,3,0.15051780622849836,0.15101810351358969,302,0.5,Purifying,0.0012755746290550709,283,hypothetical protein LSDVgp022 [Lumpy skin disease virus NI-2490],92.9,2,,
OG0000069,290,216,0.0,0.5,0.10167007581110955,1.3914725127012,0.0,0.09596427750212554,0.0,3,0.0781211113020899,0.07480059307040125,301,0.5,Purifying,0.0003616718115837495,283,S-S bond formation pathway protein [Lumpy skin disease virus NI-2490],92.9,2,,
OG0000102,289,430,0.0,0.5,0.18755578449061622,9.190379442287657,0.0,0.1700623340079838,0.0,3,0.05749736662496801,0.055917962138994984,305,0.5,Purifying,0.00013371480610457675,283,LSDV112 putative DNA polymerase processivity factor [Lumpy skin disease virus NI-2490],92.9,2,,
OG0000101,287,74,0.0,0.5,0.06233885403972045,5.890818366564798,0.0,0.07082149263147088,0.0,3,0.08628112648773704,0.07788798285929575,295,0.5,Purifying,0.0011659611687532033,283,LSDV111 hypothetical protein [Lumpy skin disease virus NI-2490],92.9,2,,
OG0000108,287,41,0.0,0.5,0.17534937651421276,9.123668160594763,0.0,0.1776016946367572,0.4289010352743621,3,0.054319490537256696,0.050230274827718,290,0.5,Purifying,0.0013248656228599194,283,hypothetical protein,100.0,1,,
OG0000109,289,256,0.0,0.5,0.03273816347112815,1.0,0.0,0.03226731918945534,0.5333512032706857,3,0.04785579820710093,0.04530902774390111,299,0.5,Purifying,0.00018693671174648801,283,LSDV121 putative DNA packaging protein [Lumpy skin disease virus NI-2490],92.9,2,,
OG0000107,289,74,0.0,0.5,0.21076274288431057,1.17990126245575,0.0,0.2106059547632338,0.0,3,0.018504479258578413,0.018443050526417395,292,0.5,Purifying,0.0002500605305213299,283,IMV membrane protein [Lumpy skin disease virus NI-2490],92.9,2,,
OG0000096,285,95,0.0,0.5,0.0,4.192260419908029,0.0,0.0,0.0,3,0.09957830092391252,0.07873495922133594,293,0.5,Purifying,0.0010481926413043424,283,IMV membrane protein [Lumpy skin disease virus NI-2490],92.9,2,,
OG0000099,290,196,0.0,0.5,0.3955101985684062,5.675023938850166,0.0,0.3508307463902151,0.4450483762833819,3,0.07796736053450344,0.07706978367884834,301,0.5,Purifying,0.00039779265578828284,283,LSDV109 putative phosphorylated IMV membrane protein [Lumpy skin disease virus NI-2490],92.9,2,,
OG0000097,288,95,0.0,0.5,0.06388613576901467,1.404332431979977,0.0,0.2279190632820947,0.0,3,0.07406383565497891,0.07444443705235507,298,0.5,Purifying,0.0007796193226839885,283,LSDV107 hypothetical protein [Lumpy skin disease virus NI-2490],92.9,2,,
OG0000115,289,123,0.0,0.5,0.1458237795656506,1.0,0.0,0.1040892864749596,0.0,3,0.19070997782105661,0.16912070752723352,304,0.5,Purifying,0.001550487624561436,283,hypothetical protein LSDVgp129 [Lumpy skin disease virus NI-2490],92.9,2,,
OG0000113,290,288,0.0,0.5,0.12588510328925004,6.326789571301643,0.0,0.1226430077759908,0.6988552134125421,3,0.04501254107806703,0.044873419138177315,300,0.5,Purifying,0.00015629354540995497,283,hypothetical protein LSDVgp125 [Lumpy skin disease virus NI-2490],92.9,2,,
OG0000119,290,335,0.0,0.5,0.09144603052666538,3.745879422022459,0.0,0.09456305302559412,0.0,3,0.10593998112663297,0.10073272650454321,305,0.5,Purifying,0.0003162387496317402,283,LSDV137 hypothetical protein [Lumpy skin disease virus NI-2490],92.9,2,,
OG0000117,290,560,0.0,0.5,0.118190503701663,9.010657747400964,0.0,0.1093238950105353,0.4969162108465265,3,0.13430995905452708,0.12849170714525626,313,0.5,Purifying,0.0002398392125973698,283,LSDV133 DNA ligase-like protein [Lumpy skin disease virus NI-2490],92.9,2,,
OG0000114,289,181,0.0,0.5,0.2459718074731657,6.603445994773133,0.0,0.2537304643055273,0.0,3,0.11343726419374689,0.1091802524586576,305,0.5,Purifying,0.000626725216540038,283,EEV glycoprotein [Lumpy skin disease virus NI-2490],92.9,2,,
OG0000122,290,240,0.0,0.5,0.2875628027582637,1.359632719196327,0.0,0.2727013383605645,0.0,3,0.1605360150316647,0.15284537933357495,309,0.5,Purifying,0.0006689000626319363,283,N1R/p28-like protein [Lumpy skin disease virus NI-2490],92.9,2,,
