Orthogroup,N_sequences,N_codons,LRT,p_value,omega_mean,omega_max,prop_sites_omega_gt1,q_value_BH,Selection
OG0000058,290,1156,31.07015665652034,8.957178115887032e-08,3.736076701275816,16597.66822914845,0.0002240452675461503,3.4499704049117965e-06,Episodic diversifying (positive)
OG0000100,287,480,30.25419973569933,1.346957846370955e-07,0.5014072938881567,25.64030247851992,0.0191707909444086,3.4499704049117965e-06,Episodic diversifying (positive)
OG0000116,289,171,29.75945999681289,1.724985202455898e-07,35.41701277577626,6883.241713326728,0.005129981068663907,3.4499704049117965e-06,Episodic diversifying (positive)
OG0000120,290,217,23.96115679561854,3.132354567225715e-06,3.4650612395778646,29.10750132220631,0.1183408378939347,4.698531850838573e-05,Episodic diversifying (positive)
OG0000123,289,231,16.69423641948424,0.0001185393730856465,1.0046126922676728,11.02006872293713,0.09116210774409016,0.001422472477027758,Episodic diversifying (positive)
OG0000110,289,215,14.57442614774482,0.0003421161514697291,0.536058394336702,12.42952499418452,0.04312782625140631,0.003421161514697291,Episodic diversifying (positive)
OG0000106,290,303,11.03904078464757,0.002003884819257395,0.2130257612149344,21.04628288600529,0.01012177600998539,0.017176155593634813,Episodic diversifying (positive)
OG0000091,287,78,10.73646953390039,0.002331177096224435,30.489177265931662,6915.701209934922,0.00440868920452082,0.017483828221683262,Episodic diversifying (positive)
OG0000103,290,179,9.7174592132003,0.003880168156010444,1.2608988726410435,87.92186415291647,0.01408246595172382,0.025867787706736294,Episodic diversifying (positive)
OG0000090,290,292,8.603502254307386,0.006772409766136522,3.785802821619209,909.7531385953868,0.004122378450975057,0.040634458596819134,Episodic diversifying (positive)
OG0000087,289,172,7.517696639786664,0.01165528562201495,0.6634080482416793,57.49028297300035,0.01121584019634922,0.06357428521099064,Purifying
OG0000084,289,150,6.729218187918605,0.01728776463084636,0.8409664412655316,592.4776851640918,0.001236402382013385,0.08643882315423179,Purifying
OG0000072,287,370,5.45163239753856,0.03274636290914945,0.37352156403795755,125.014102555522,0.002668113468322195,0.15113705958068976,Purifying
OG0000062,290,89,4.968830686788237,0.04168714279819319,1.035875715755364,19.56201637888484,0.0529534223718105,0.17865918342082796,Neutral / inconclusive
OG0000057,290,661,4.543655793777361,0.05156175428225085,0.1725734650045122,100.3856791756013,0.001514090300876586,0.199250830614545,Purifying
OG0000098,290,377,4.483598904178962,0.05313355483054533,0.125179763729239,10.18834644278811,0.007537832412652342,0.199250830614545,Purifying
OG0000105,289,140,3.796570081819254,0.07491267165719628,0.2681919622641587,16.62836901796819,0.01612857893485268,0.26439766467245746,Purifying
OG0000067,289,89,3.514862238298747,0.0862436973487018,1.0895185934279656,16.94264000584027,0.03853350224427814,0.2874789911623393,Neutral / inconclusive
OG0000074,289,145,2.681163375897995,0.1308467001813092,0.3391486423866813,8.00240114605692,0.04238085996898473,0.41320010583571326,Purifying
OG0000086,288,161,1.923050296048359,0.1911546813536277,0.3282350661069439,3.013762938460053,0.1089120388064307,0.5,Purifying
OG0000112,290,191,1.234187039287235,0.2697551184458225,0.32461554783401386,3.9987522560261,0.07943241962207218,0.5,Purifying
OG0000121,290,305,0.6043049348654677,0.3696126742461546,0.15041351827343527,46.62254040168997,0.0009637383614142217,0.5,Purifying
OG0000083,289,635,0.3773893462084743,0.414019645379582,0.07820151024698328,12.67446293488911,0.001937532800363684,0.5,Purifying
OG0000104,290,149,0.3731999737265141,0.4148877955680032,0.19559546946325065,1.462758791885481,0.13371683051799,0.5,Purifying
OG0000093,289,317,0.06021478309958184,0.4851706607464892,0.11424101419000446,1.202974030031739,0.08468905518431773,0.5,Purifying
OG0000111,290,171,0.04312776865913293,0.4893334769943501,0.20885733157848754,1.150451992286496,0.1815437175812861,0.5,Purifying
OG0000063,290,161,0.02405725091966815,0.4940217146294985,0.2409473319757782,9.129595376783902,0.002108395770277746,0.5,Purifying
OG0000118,289,361,0.006812019322751439,0.498299892104747,0.2541201403886475,1.022486767747817,0.2485314696373517,0.5,Purifying
OG0000071,290,640,0.0,0.5,0.1125073886676368,10.43549528139882,0.0,0.5,Purifying
OG0000070,288,447,0.0,0.5,0.0666058477913341,1.949800790470518,0.0,0.5,Purifying
OG0000060,287,381,0.0,0.5,0.2041189383031233,5.373435912020203,0.0,0.5,Purifying
OG0000059,290,164,0.0,0.5,0.2559737267501966,8.621921394700596,0.0,0.5,Purifying
OG0000095,290,74,0.0,0.5,0.3670515020230018,1.86137272808308,0.0,0.5,Purifying
OG0000094,289,190,0.0,0.5,0.18916004331930913,5.621111300159814,0.0,0.5,Purifying
OG0000092,287,905,0.0,0.5,0.09461908455762627,1.0,0.0,0.5,Purifying
OG0000088,290,375,0.0,0.5,0.1351965627506548,1.0,0.0,0.5,Purifying
OG0000089,290,714,0.0,0.5,0.08823445141278216,1.048844818929634,0.0,0.5,Purifying
OG0000073,290,49,0.0,0.5,0.1892522752292333,9.898055246695872,0.0,0.5,Purifying
OG0000075,287,104,0.0,0.5,0.1375577294434924,1.08800602848934,0.0,0.5,Purifying
OG0000085,290,75,-0.0001633918724337491,0.5,0.1573036868102442,1.048830043477147,0.001796823402136401,0.5,Purifying
OG0000064,289,101,0.0,0.5,0.3770609853124925,7.163925157572053,0.0,0.5,Purifying
OG0000061,290,211,0.0,0.5,0.3606823515678714,8.344271190922447,0.0,0.5,Purifying
OG0000066,285,321,0.0,0.5,0.07259813166222359,1.0,0.0,0.5,Purifying
OG0000065,290,176,0.0,0.5,0.5100953345103284,8.990100379475566,0.0,0.5,Purifying
OG0000068,289,118,0.0,0.5,0.8254566743567245,2.093536260163942,0.0,0.5,Purifying
OG0000069,290,216,0.0,0.5,0.10167007581110955,1.3914725127012,0.0,0.5,Purifying
OG0000102,289,430,0.0,0.5,0.18755578449061622,9.190379442287657,0.0,0.5,Purifying
OG0000101,287,74,0.0,0.5,0.06233885403972045,5.890818366564798,0.0,0.5,Purifying
OG0000108,287,41,0.0,0.5,0.17534937651421276,9.123668160594763,0.0,0.5,Purifying
OG0000109,289,256,0.0,0.5,0.03273816347112815,1.0,0.0,0.5,Purifying
OG0000107,289,74,0.0,0.5,0.21076274288431057,1.17990126245575,0.0,0.5,Purifying
OG0000096,285,95,0.0,0.5,0.0,4.192260419908029,0.0,0.5,Purifying
OG0000099,290,196,0.0,0.5,0.3955101985684062,5.675023938850166,0.0,0.5,Purifying
OG0000097,288,95,0.0,0.5,0.06388613576901467,1.404332431979977,0.0,0.5,Purifying
OG0000115,289,123,0.0,0.5,0.1458237795656506,1.0,0.0,0.5,Purifying
OG0000113,290,288,0.0,0.5,0.12588510328925004,6.326789571301643,0.0,0.5,Purifying
OG0000119,290,335,0.0,0.5,0.09144603052666538,3.745879422022459,0.0,0.5,Purifying
OG0000117,290,560,0.0,0.5,0.118190503701663,9.010657747400964,0.0,0.5,Purifying
OG0000114,289,181,0.0,0.5,0.2459718074731657,6.603445994773133,0.0,0.5,Purifying
OG0000122,290,240,0.0,0.5,0.2875628027582637,1.359632719196327,0.0,0.5,Purifying
