Node	Total SNPs	Number of SNPs Inside Recombinations	Number of SNPs Outside Recombinations	Number of Recombination Blocks	Bases in Recombinations Including Gaps	Cumulative Bases in Recombinations Including Gaps	Bases in Recombinations Excluding Gaps	Cumulative Bases in Recombinations Excluding Gaps	r/m	rho/theta	Genome Length	Bases in Clonal Frame
Cow_LSDV_Ref.fasta.ref	0	0	0	0	0	663	0	645	0.000000	0.000000	110325	109665
SRR28085235.fasta	0	0	0	0	0	663	0	645	0.000000	0.000000	110322	109662
MW656253.1.fasta	5	0	5	0	0	663	0	645	0.000000	0.000000	110322	109662
PP894832.1.fasta	0	0	0	0	0	8383	0	8349	0.000000	0.000000	110321	101946
SRR26747388_SRR26747389_Merged.fasta	0	0	0	0	0	663	0	645	0.000000	0.000000	110321	109661
PQ510117.1.fasta	0	0	0	0	0	663	0	645	0.000000	0.000000	110323	109663
SRR11470182.fasta	0	0	0	0	0	663	0	645	0.000000	0.000000	110321	109661
OM793605.1.fasta	0	0	0	0	0	21121	0	21041	0.000000	0.000000	110314	89201
OM793606.1.fasta	0	0	0	0	0	21121	0	21041	0.000000	0.000000	110314	89201
SRR27563724.fasta	0	0	0	0	0	663	0	645	0.000000	0.000000	110325	109665
OR134839.1.fasta	2	0	2	0	0	663	0	645	0.000000	0.000000	110321	109661
OR134849.1.fasta	0	0	0	0	0	663	0	645	0.000000	0.000000	110321	109661
MN636838.1.fasta	0	0	0	0	0	21121	0	21041	0.000000	0.000000	110314	89201
OQ588787.1.fasta	0	0	0	0	0	663	0	645	0.000000	0.000000	110321	109661
AF409137.1.fasta	0	0	0	0	0	663	0	645	0.000000	0.000000	110322	109662
OQ427097.1.fasta	1	0	1	0	0	663	0	645	0.000000	0.000000	110321	109661
ON010590.1.fasta	4	0	4	0	0	663	0	645	0.000000	0.000000	110323	109662
PQ878211.1.fasta	1	0	1	0	0	663	0	645	0.000000	0.000000	110321	109661
MT643825.1.fasta	1	0	1	0	0	663	0	645	0.000000	0.000000	110321	109661
AY077834.1.fasta	1	0	1	0	0	0	0	0	0.000000	0.000000	110358	110358
SRR26747384_SRR26747383_Merged.fasta	0	0	0	0	0	663	0	645	0.000000	0.000000	110321	109661
PQ014465.1.fasta	41	27	14	3	1356	1356	1356	1356	1.928571	0.214286	110358	110358
PP886237.1.fasta	4	0	4	0	0	0	0	0	0.000000	0.000000	110353	110353
OM803092.1.fasta	0	0	0	0	0	8383	0	8349	0.000000	0.000000	110320	101945
MK441838.1.fasta	0	0	0	0	0	21121	0	21041	0.000000	0.000000	110315	89201
SRR26747366_SRR26747367_Merged.fasta	0	0	0	0	0	663	0	645	0.000000	0.000000	110322	109662
MZ577073.1.fasta	0	0	0	0	0	8383	0	8349	0.000000	0.000000	110320	101945
OR134847.1.fasta	0	0	0	0	0	663	0	645	0.000000	0.000000	110321	109661
MN072631.1.fasta	6	0	6	0	0	0	0	0	0.000000	0.000000	110360	110360
PQ727627.1.fasta	0	0	0	0	0	8383	0	8349	0.000000	0.000000	110321	101946
OR134834.1.fasta	0	0	0	0	0	663	0	645	0.000000	0.000000	110322	109662
PQ472736.1.fasta	1	0	1	0	0	663	0	645	0.000000	0.000000	110313	109653
OM793602.1.fasta	0	0	0	0	0	8383	0	8349	0.000000	0.000000	110321	101946
OR983147.1.fasta	6	5	1	1	639	1302	628	1271	5.000000	1.000000	110177	109523
OR134835.1.fasta	0	0	0	0	0	663	0	645	0.000000	0.000000	110321	109661
SRR26792425.fasta	0	0	0	0	0	663	0	645	0.000000	0.000000	110321	109661
OQ434237.1.fasta	1	0	1	0	0	0	0	0	0.000000	0.000000	110358	110358
PV022135.1.fasta	0	0	0	0	0	663	0	645	0.000000	0.000000	110325	109665
SRR28085240.fasta	0	0	0	0	0	8383	0	8349	0.000000	0.000000	110320	101945
MH646674.1.fasta	7	0	7	0	0	22564	0	22485	0.000000	0.000000	110322	87766
SRR12021190.fasta	0	0	0	0	0	663	0	645	0.000000	0.000000	110322	109662
SRR27563725.fasta	5	0	5	0	0	663	0	645	0.000000	0.000000	110325	109665
AY077835.1.fasta	1	0	1	0	0	305	0	278	0.000000	0.000000	110302	109999
SRR26747364_SRR26747365_Merged.fasta	0	0	0	0	0	663	0	645	0.000000	0.000000	110321	109661
MN072620.1.fasta	1	0	1	0	0	302	0	280	0.000000	0.000000	110316	110016
PX127681.1.fasta	1	0	1	0	0	663	0	645	0.000000	0.000000	110321	109661
OM033705.1.fasta	0	0	0	0	0	8383	0	8349	0.000000	0.000000	110320	101945
OR393172.1.fasta	0	0	0	0	0	663	0	645	0.000000	0.000000	110322	109662
MT134042.1.fasta	118	63	55	6	5253	7039	5239	6997	1.145455	0.109091	110325	107964
PQ727626.1.fasta	0	0	0	0	0	8383	0	8349	0.000000	0.000000	110321	101946
OR232413.1.fasta	2	0	2	0	0	8383	0	8349	0.000000	0.000000	110320	101945
OR520147.1.fasta	0	0	0	0	0	663	0	645	0.000000	0.000000	110321	109661
MN072628.1.fasta	67	0	67	0	0	0	0	0	0.000000	0.000000	110353	110353
SRR27563728.fasta	0	0	0	0	0	663	0	645	0.000000	0.000000	110324	109664
PV066182.1.fasta	0	0	0	0	0	663	0	645	0.000000	0.000000	110321	109661
MN636842.1.fasta	0	0	0	0	0	21121	0	21041	0.000000	0.000000	110314	89201
PV835012.1.fasta	2	0	2	0	0	663	0	645	0.000000	0.000000	110320	109660
PQ037207.1.fasta	2	0	2	0	0	8383	0	8349	0.000000	0.000000	110320	101945
MN072626.1.fasta	18	0	18	0	0	271	0	271	0.000000	0.000000	110337	110066
AY077833.1.fasta	4	0	4	0	0	0	0	0	0.000000	0.000000	110359	110359
OM793609.1.fasta	0	0	0	0	0	21121	0	21041	0.000000	0.000000	110317	89203
MW167070.1.fasta	2	0	2	0	0	0	0	0	0.000000	0.000000	110360	110360
PQ727628.1.fasta	0	0	0	0	0	8383	0	8349	0.000000	0.000000	110319	101944
OQ253252.1.fasta	1	0	1	0	0	8383	0	8349	0.000000	0.000000	110318	101943
SRR25461328.fasta	10	6	4	1	12	675	12	657	1.500000	0.250000	110320	109660
PP145892.1.fasta	0	0	0	0	0	8383	0	8349	0.000000	0.000000	110318	101943
OR347837.1.fasta	0	0	0	0	0	8383	0	8349	0.000000	0.000000	110318	101943
KT438550.1.fasta	2	0	2	0	0	0	0	0	0.000000	0.000000	110360	110360
SRR28085239.fasta	0	0	0	0	0	663	0	645	0.000000	0.000000	110324	109664
OK422492.1.fasta	0	0	0	0	0	663	0	645	0.000000	0.000000	110324	109664
PP886236.1.fasta	0	0	0	0	0	0	0	0	0.000000	0.000000	110351	110351
SRR26747387_SRR26747376_Merged.fasta	0	0	0	0	0	663	0	645	0.000000	0.000000	110321	109661
PQ179265.1.fasta	0	0	0	0	0	663	0	645	0.000000	0.000000	110324	109664
SRR21590382.fasta	1	0	1	0	0	663	0	645	0.000000	0.000000	110321	109661
SRR28085241.fasta	1	0	1	0	0	8383	0	8349	0.000000	0.000000	110318	101943
SRR24474207.fasta	5	3	2	1	15	678	15	660	1.500000	0.500000	110321	109661
SRR27563733.fasta	0	0	0	0	0	21121	0	21041	0.000000	0.000000	110317	89204
SRR34490579.fasta	11	0	11	0	0	663	0	645	0.000000	0.000000	110512	109852
MZ577074.1.fasta	0	0	0	0	0	8383	0	8349	0.000000	0.000000	110318	101943
OR393170.1.fasta	0	0	0	0	0	663	0	645	0.000000	0.000000	110324	109664
OQ349695.1.fasta	0	0	0	0	0	8383	0	8349	0.000000	0.000000	110318	101943
MT992618.1.fasta	195	65	130	4	4648	17696	4643	17634	0.500000	0.030769	110316	96660
OP688128.1.fasta	1	0	1	0	0	663	0	645	0.000000	0.000000	110324	109664
OQ434235.1.fasta	4	0	4	0	0	0	0	0	0.000000	0.000000	110359	110359
SRR26747386_SRR26747385_Merged.fasta	0	0	0	0	0	663	0	645	0.000000	0.000000	110321	109661
OR393167.1.fasta	1	0	1	0	0	663	0	645	0.000000	0.000000	108903	108243
OR983146.1.fasta	0	0	0	0	0	663	0	644	0.000000	0.000000	110287	109628
OQ434236.1.fasta	14	3	11	1	88	88	88	88	0.272727	0.090909	110360	110360
OQ253254.1.fasta	0	0	0	0	0	8383	0	8349	0.000000	0.000000	110318	101943
MN072627.1.fasta	22	0	22	0	0	271	0	271	0.000000	0.000000	110335	110064
MH381810.1.fasta	11	0	11	0	0	302	0	280	0.000000	0.000000	110307	110007
NC_004002.1.fasta	0	0	0	0	0	0	0	0	0.000000	0.000000	110350	110350
MW656252.1.fasta	0	0	0	0	0	21121	0	21041	0.000000	0.000000	110316	89203
OM793604.1.fasta	0	0	0	0	0	21121	0	21041	0.000000	0.000000	110317	89204
SRR12021191.fasta	0	0	0	0	0	663	0	645	0.000000	0.000000	110321	109661
PQ201927.1.fasta	0	0	0	0	0	663	0	645	0.000000	0.000000	110324	109664
OR134840.1.fasta	0	0	0	0	0	663	0	645	0.000000	0.000000	110321	109661
PP065788.1.fasta	0	0	0	0	0	663	0	645	0.000000	0.000000	110321	109661
PQ682462.1.fasta	2	0	2	0	0	8383	0	8349	0.000000	0.000000	110318	101943
SRR27563726.fasta	0	0	0	0	0	663	0	645	0.000000	0.000000	110322	109662
ON961656.1.fasta	0	0	0	0	0	0	0	0	0.000000	0.000000	110359	110359
KT438551.1.fasta	0	0	0	0	0	0	0	0	0.000000	0.000000	110360	110360
OK318001.1.fasta	0	0	0	0	0	663	0	645	0.000000	0.000000	110323	109663
OP654649.1.fasta	6	4	2	1	20	8403	20	8369	2.000000	0.500000	110316	101941
AY077836.1.fasta	4	0	4	0	0	305	0	278	0.000000	0.000000	110302	109998
MN072624.1.fasta	97	0	97	0	0	302	0	280	0.000000	0.000000	110306	110006
OR239060.1.fasta	17	0	17	0	0	0	0	0	0.000000	0.000000	110354	110354
OP508345.1.fasta	14	0	14	0	0	8383	0	8348	0.000000	0.000000	110311	101936
OP688129.1.fasta	1	0	1	0	0	663	0	645	0.000000	0.000000	110324	109664
MT007950.1.fasta	2	0	2	0	0	663	0	645	0.000000	0.000000	110271	109611
PP145891.1.fasta	0	0	0	0	0	8383	0	8349	0.000000	0.000000	110318	101943
PP843160.1.fasta	0	0	0	0	0	0	0	0	0.000000	0.000000	110351	110351
PQ005629.1.fasta	0	0	0	0	0	663	0	645	0.000000	0.000000	110324	109664
SRR21590386.fasta	2	0	2	0	0	663	0	645	0.000000	0.000000	110321	109661
PP746705.1.fasta	0	0	0	0	0	663	0	645	0.000000	0.000000	110324	109664
OR134833.1.fasta	0	0	0	0	0	663	0	645	0.000000	0.000000	110321	109661
OR134832.1.fasta	0	0	0	0	0	663	0	645	0.000000	0.000000	110321	109661
ON961655.1.fasta	1	0	1	0	0	0	0	0	0.000000	0.000000	110355	110355
SRR26747380_SRR26747379_Merged.fasta	0	0	0	0	0	663	0	645	0.000000	0.000000	110325	109665
PV066181.1.fasta	2	0	2	0	0	663	0	645	0.000000	0.000000	110324	109664
PX127682.1.fasta	0	0	0	0	0	8383	0	8349	0.000000	0.000000	110318	101943
SRR27563729.fasta	0	0	0	0	0	663	0	645	0.000000	0.000000	110324	109664
MG000156.1.fasta	31	0	31	0	0	0	0	0	0.000000	0.000000	110282	110282
PX497580.1.fasta	2	0	2	0	0	302	0	280	0.000000	0.000000	110320	110020
OL752713.2.fasta	0	0	0	0	0	8383	0	8349	0.000000	0.000000	110318	101943
OR134845.1.fasta	0	0	0	0	0	663	0	645	0.000000	0.000000	110324	109664
SRR26747398_SRR26747399_Merged.fasta	0	0	0	0	0	663	0	645	0.000000	0.000000	110324	109664
OP752701.1.fasta	0	0	0	0	0	8383	0	8349	0.000000	0.000000	110319	101944
OL542833.1.fasta	207	52	155	4	988	17767	988	17694	0.335484	0.025806	110327	92858
MN072621.1.fasta	7	0	7	0	0	302	0	279	0.000000	0.000000	110317	110017
MN995838.1.fasta	0	0	0	0	0	663	0	645	0.000000	0.000000	110324	109664
OQ555660.1.fasta	0	0	0	0	0	8383	0	8349	0.000000	0.000000	110318	101943
PQ510118.1.fasta	0	0	0	0	0	663	0	645	0.000000	0.000000	110318	109659
AF325528.1.fasta	0	0	0	0	0	663	0	645	0.000000	0.000000	110325	109665
PQ824703.1.fasta	0	0	0	0	0	21121	0	21041	0.000000	0.000000	110316	89202
OR232414.1.fasta	0	0	0	0	0	8383	0	8349	0.000000	0.000000	110318	101943
SRR27563731.fasta	0	0	0	0	0	663	0	645	0.000000	0.000000	110324	109664
SRR15145275_SRR15145276_Merged.fasta	0	0	0	0	0	8383	0	8349	0.000000	0.000000	110318	101943
OR347834.1.fasta	0	0	0	0	0	8383	0	8349	0.000000	0.000000	110318	101943
OM793607.1.fasta	0	0	0	0	0	21121	0	21041	0.000000	0.000000	110315	89202
OR983151.1.fasta	0	0	0	0	0	663	0	644	0.000000	0.000000	110278	109619
OR393177.1.fasta	0	0	0	0	0	663	0	645	0.000000	0.000000	110324	109664
MN072623.1.fasta	30	0	30	0	0	302	0	280	0.000000	0.000000	110316	110016
AF409138.1.fasta	2	0	2	0	0	21121	0	21042	0.000000	0.000000	110317	89203
SRR15145277_SRR15145278_Merged.fasta	0	0	0	0	0	8383	0	8349	0.000000	0.000000	110318	101943
MW883897.1.fasta	0	0	0	0	0	663	0	645	0.000000	0.000000	110324	109664
OR134836.1.fasta	0	0	0	0	0	663	0	645	0.000000	0.000000	110324	109664
SRR27563730.fasta	1	0	1	0	0	663	0	645	0.000000	0.000000	110324	109664
PP886239.1.fasta	1	0	1	0	0	0	0	0	0.000000	0.000000	110347	110347
ON616408.1.fasta	0	0	0	0	0	8383	0	8349	0.000000	0.000000	110318	101943
OR983150.1.fasta	0	0	0	0	0	663	0	644	0.000000	0.000000	110286	109627
OP922506.1.fasta	0	0	0	0	0	8383	0	8349	0.000000	0.000000	110318	101943
MN636840.1.fasta	0	0	0	0	0	21121	0	21042	0.000000	0.000000	110317	89204
MN636839.1.fasta	2	0	2	0	0	21121	0	21042	0.000000	0.000000	110317	89204
MN072622.1.fasta	32	0	32	0	0	305	0	278	0.000000	0.000000	110309	110006
SRR29762742.fasta	0	0	0	0	0	663	0	645	0.000000	0.000000	110324	109664
MH893760.2.fasta	2	0	2	0	0	663	0	645	0.000000	0.000000	110327	109667
OQ434239.1.fasta	0	0	0	0	0	0	0	0	0.000000	0.000000	110355	110355
OQ606832.1.fasta	0	0	0	0	0	663	0	645	0.000000	0.000000	110324	109664
PV434148.1.fasta	6	0	6	0	0	0	0	0	0.000000	0.000000	110346	110346
PP756497.1.fasta	1	0	1	0	0	663	0	645	0.000000	0.000000	110325	109665
PX127683.1.fasta	0	0	0	0	0	8383	0	8349	0.000000	0.000000	110318	101943
SRR26747374_SRR26747375_Merged.fasta	0	0	0	0	0	663	0	645	0.000000	0.000000	110324	109664
OR644285.1.fasta	0	0	0	0	0	663	0	645	0.000000	0.000000	110324	109664
OP985536.1.fasta	0	0	0	0	0	8383	0	8349	0.000000	0.000000	110318	101943
OR194148.1.fasta	1	0	1	0	0	11967	0	11927	0.000000	0.000000	110322	98363
OR644282.1.fasta	14	0	14	0	0	663	0	645	0.000000	0.000000	110324	109664
SRR25046328.fasta	1	0	1	0	0	663	0	645	0.000000	0.000000	110324	109664
OR134844.1.fasta	0	0	0	0	0	663	0	645	0.000000	0.000000	110324	109664
MW732649.1.fasta	21	13	8	2	54	8437	54	8403	1.625000	0.250000	110319	101944
MN072629.1.fasta	17	0	17	0	0	0	0	0	0.000000	0.000000	110351	110351
SRR26283950.fasta	5	0	5	0	0	11967	0	11927	0.000000	0.000000	110322	98363
MN072630.1.fasta	14	0	14	0	0	0	0	0	0.000000	0.000000	110358	110358
SRR25046331.fasta	0	0	0	0	0	663	0	645	0.000000	0.000000	110324	109664
OR393175.1.fasta	1	0	1	0	0	663	0	645	0.000000	0.000000	110324	109664
SRR27563727.fasta	0	0	0	0	0	663	0	645	0.000000	0.000000	110325	109665
OQ511520.1.fasta	0	0	0	0	0	8383	0	8349	0.000000	0.000000	110320	101945
OR393178.1.fasta	0	0	0	0	0	663	0	645	0.000000	0.000000	110324	109664
PV877838.1.fasta	0	0	0	0	0	663	0	645	0.000000	0.000000	110323	109663
PP053747.1.fasta	1	0	1	0	0	663	0	645	0.000000	0.000000	110324	109664
OR134846.1.fasta	0	0	0	0	0	663	0	645	0.000000	0.000000	110323	109663
MW030512.1.fasta	2	0	2	0	0	663	0	645	0.000000	0.000000	110324	109664
SRR28085236.fasta	0	0	0	0	0	663	0	645	0.000000	0.000000	110324	109664
PQ727625.1.fasta	0	0	0	0	0	8383	0	8349	0.000000	0.000000	110321	101946
OP297402.1.fasta	0	0	0	0	0	663	0	645	0.000000	0.000000	110324	109664
OM373209.1.fasta	0	0	0	0	0	8383	0	8349	0.000000	0.000000	110320	101945
KC951854.1.fasta	7	0	7	0	0	302	0	280	0.000000	0.000000	110315	110015
PV167794.1.fasta	2	0	2	0	0	302	0	276	0.000000	0.000000	110304	110004
KX764644.1.fasta	1	0	1	0	0	21121	0	21041	0.000000	0.000000	110314	89201
OM793603.1.fasta	1	0	1	0	0	8383	0	8349	0.000000	0.000000	110321	101946
OR797612.1.fasta	0	0	0	0	0	663	0	645	0.000000	0.000000	110324	109664
MW167071.1.fasta	13	0	13	0	0	0	0	0	0.000000	0.000000	110352	110352
SRR26747390_SRR26747391_Merged.fasta	0	0	0	0	0	663	0	645	0.000000	0.000000	110323	109663
OR863389.1.fasta	0	0	0	0	0	663	0	645	0.000000	0.000000	110324	109664
OR393174.1.fasta	0	0	0	0	0	663	0	645	0.000000	0.000000	110325	109665
NC_003027.1.fasta	0	0	0	0	0	663	0	645	0.000000	0.000000	110325	109665
PQ824705.1.fasta	0	0	0	0	0	21121	0	21041	0.000000	0.000000	110313	89199
OQ267777.1.fasta	1	0	1	0	0	8383	0	8349	0.000000	0.000000	110320	101945
PQ727632.1.fasta	0	0	0	0	0	8383	0	8349	0.000000	0.000000	110321	101946
MW699032.1.fasta	3	0	3	0	0	663	0	645	0.000000	0.000000	110327	109667
SRR25461324.fasta	1	0	1	0	0	663	0	645	0.000000	0.000000	110324	109664
OR134837.1.fasta	0	0	0	0	0	663	0	645	0.000000	0.000000	110323	109663
MN636843.1.fasta	0	0	0	0	0	21121	0	21041	0.000000	0.000000	110314	89201
SRR26747368_SRR26747369_Merged.fasta	1	0	1	0	0	663	0	645	0.000000	0.000000	110323	109663
OR347836.1.fasta	0	0	0	0	0	8383	0	8349	0.000000	0.000000	110320	101945
KY829023.3.fasta	0	0	0	0	0	663	0	645	0.000000	0.000000	110323	109663
OR393176.1.fasta	0	0	0	0	0	663	0	645	0.000000	0.000000	110324	109664
SRR26747394_SRR26747395_Merged.fasta	0	0	0	0	0	663	0	645	0.000000	0.000000	110323	109663
OR983148.1.fasta	0	0	0	0	0	663	0	644	0.000000	0.000000	110286	109627
MZ577076.1.fasta	0	0	0	0	0	8383	0	8349	0.000000	0.000000	110320	101945
OR644283.1.fasta	0	0	0	0	0	663	0	645	0.000000	0.000000	110324	109664
MW020571.1.fasta	0	0	0	0	0	0	0	0	0.000000	0.000000	110356	110356
OM803091.1.fasta	0	0	0	0	0	8383	0	8349	0.000000	0.000000	110320	101945
ON005067.1.fasta	5	5	0	1	373	1036	373	1018	0.000000	0.000000	110324	109664
MN636841.1.fasta	0	0	0	0	0	21121	0	21041	0.000000	0.000000	110314	89201
OM984486.1.fasta	0	0	0	0	0	8383	0	8349	0.000000	0.000000	110320	101945
PQ727630.1.fasta	0	0	0	0	0	8383	0	8349	0.000000	0.000000	110321	101946
OR393173.1.fasta	0	0	0	0	0	663	0	645	0.000000	0.000000	110325	109665
OQ253255.1.fasta	0	0	0	0	0	8383	0	8349	0.000000	0.000000	110320	101945
SRR28085238.fasta	0	0	0	0	0	663	0	645	0.000000	0.000000	110324	109664
ON400507.1.fasta	0	0	0	0	0	663	0	645	0.000000	0.000000	110324	109664
MN072619.1.fasta	3	3	0	1	9	672	9	654	0.000000	0.000000	110325	109665
PQ824707.1.fasta	0	0	0	0	0	21121	0	21041	0.000000	0.000000	110312	89198
MW631933.1.fasta	1	0	1	0	0	663	0	645	0.000000	0.000000	110325	109665
PQ824704.1.fasta	0	0	0	0	0	21121	0	21041	0.000000	0.000000	110312	89198
SRR15145279_SRR15145280_Merged.fasta	0	0	0	0	0	8383	0	8349	0.000000	0.000000	110320	101945
OK422493.1.fasta	0	0	0	0	0	663	0	645	0.000000	0.000000	110324	109664
PP979138.1.fasta	0	0	0	0	0	663	0	645	0.000000	0.000000	110324	109664
MW435866.1.fasta	3	0	3	0	0	21121	0	21041	0.000000	0.000000	110313	89201
OR567413.1.fasta	1	0	1	0	0	8383	0	8349	0.000000	0.000000	110320	101945
SRR25461327.fasta	6	0	6	0	0	663	0	645	0.000000	0.000000	110324	109664
KY702007.1.fasta	1	0	1	0	0	663	0	645	0.000000	0.000000	110322	109662
OR983149.1.fasta	0	0	0	0	0	663	0	644	0.000000	0.000000	110289	109630
SRR26747378_SRR26747377_Merged.fasta	0	0	0	0	0	663	0	645	0.000000	0.000000	110323	109663
OR134848.1.fasta	3	3	0	1	41	21121	40	21041	0.000000	0.000000	110317	89204
OM984485.1.fasta	0	0	0	0	0	8383	0	8349	0.000000	0.000000	110319	101944
PQ824706.1.fasta	0	0	0	0	0	21121	0	21041	0.000000	0.000000	110313	89199
PV167793.1.fasta	9	0	9	0	0	0	0	0	0.000000	0.000000	110349	110349
OR393169.1.fasta	0	0	0	0	0	663	0	645	0.000000	0.000000	110324	109664
OR393171.1.fasta	1	0	1	0	0	663	0	645	0.000000	0.000000	110324	109664
PQ727629.1.fasta	1	0	1	0	0	8383	0	8349	0.000000	0.000000	110320	101945
OK422494.1.fasta	0	0	0	0	0	663	0	645	0.000000	0.000000	110325	109665
OR134842.1.fasta	0	0	0	0	0	663	0	645	0.000000	0.000000	110323	109663
MG972412.1.fasta	0	0	0	0	0	21121	0	21041	0.000000	0.000000	110317	89203
ON152411.1.fasta	1	0	1	0	0	8383	0	8349	0.000000	0.000000	110319	101944
PX499192.1.fasta	1	0	1	0	0	302	0	280	0.000000	0.000000	110316	110016
MN072625.1.fasta	28	0	28	0	0	302	0	280	0.000000	0.000000	110308	110008
OR134838.1.fasta	0	0	0	0	0	663	0	645	0.000000	0.000000	110323	109663
OQ253256.1.fasta	0	0	0	0	0	8383	0	8349	0.000000	0.000000	110319	101944
PP065789.1.fasta	0	0	0	0	0	663	0	645	0.000000	0.000000	110323	109663
KX576657.1.fasta	0	0	0	0	0	305	0	279	0.000000	0.000000	110301	109998
PQ682461.1.fasta	0	0	0	0	0	8383	0	8349	0.000000	0.000000	110319	101944
MZ577075.1.fasta	0	0	0	0	0	8383	0	8349	0.000000	0.000000	110319	101944
OR347835.1.fasta	0	0	0	0	0	8383	0	8349	0.000000	0.000000	110317	101942
OM793608.1.fasta	0	0	0	0	0	21121	0	21041	0.000000	0.000000	110316	89203
SRR26747396_SRR26747397_Merged.fasta	0	0	0	0	0	663	0	645	0.000000	0.000000	110323	109663
OR983152.1.fasta	0	0	0	0	0	663	0	644	0.000000	0.000000	110287	109628
MT137384.1.fasta	5	0	5	0	0	0	0	0	0.000000	0.000000	110357	110357
PP886238.1.fasta	2	0	2	0	0	0	0	0	0.000000	0.000000	110350	110350
SRR27563732.fasta	3	0	3	0	0	663	0	645	0.000000	0.000000	110323	109663
SRR28085237.fasta	0	0	0	0	0	663	0	645	0.000000	0.000000	110324	109664
OR644284.1.fasta	4	0	4	0	0	663	0	645	0.000000	0.000000	110323	109663
OQ200493.1.fasta	0	0	0	0	0	8383	0	8349	0.000000	0.000000	110319	101944
OM105589.1.fasta	1	0	1	0	0	8383	0	8349	0.000000	0.000000	110319	101944
SRR27563723.fasta	0	0	0	0	0	663	0	645	0.000000	0.000000	110324	109664
OR735987.1.fasta	0	0	0	0	0	8383	0	8349	0.000000	0.000000	110319	101944
SRR27563735.fasta	2	0	2	0	0	663	0	645	0.000000	0.000000	110324	109664
OM530217.1.fasta	0	0	0	0	0	22564	0	22485	0.000000	0.000000	110325	87769
AY077832.1.fasta	1	0	1	0	0	0	0	0	0.000000	0.000000	110349	110349
OR134843.1.fasta	0	0	0	0	0	663	0	645	0.000000	0.000000	110323	109663
PV796583.1.fasta	0	0	0	0	0	8383	0	8349	0.000000	0.000000	110319	101944
OQ253251.1.fasta	0	0	0	0	0	8383	0	8349	0.000000	0.000000	110319	101944
PQ727631.1.fasta	2	0	2	0	0	8383	0	8349	0.000000	0.000000	110320	101945
ON961657.1.fasta	0	0	0	0	0	0	0	0	0.000000	0.000000	110359	110359
KX764643.1.fasta	0	0	0	0	0	21121	0	21041	0.000000	0.000000	110317	89203
SRR26747382_SRR26747381_Merged.fasta	0	0	0	0	0	663	0	645	0.000000	0.000000	110323	109663
OQ267778.1.fasta	0	0	0	0	0	8383	0	8349	0.000000	0.000000	110319	101944
OQ253250.1.fasta	2	0	2	0	0	8383	0	8349	0.000000	0.000000	110319	101944
MT130502.2.fasta	0	0	0	0	0	663	0	645	0.000000	0.000000	110324	109664
KX764645.1.fasta	0	0	0	0	0	21121	0	21041	0.000000	0.000000	110317	89203
KX894508.1.fasta	0	0	0	0	0	663	0	645	0.000000	0.000000	110323	109663
PQ727633.1.fasta	0	0	0	0	0	8383	0	8349	0.000000	0.000000	110320	101945
MN642592.1.fasta	0	0	0	0	0	663	0	645	0.000000	0.000000	110323	109663
SRR27563734.fasta	0	0	0	0	0	663	0	645	0.000000	0.000000	110324	109664
MW020570.1.fasta	3	0	3	0	0	302	0	280	0.000000	0.000000	110315	110015
NC_004003.1.fasta	0	0	0	0	0	305	0	279	0.000000	0.000000	110301	109998
OQ253253.1.fasta	0	0	0	0	0	8383	0	8349	0.000000	0.000000	110319	101944
OQ434238.1.fasta	0	0	0	0	0	0	0	0	0.000000	0.000000	110359	110359
OR134841.1.fasta	0	0	0	0	0	663	0	645	0.000000	0.000000	110323	109663
KX683219.1.fasta	0	0	0	0	0	663	0	645	0.000000	0.000000	110325	109665
MW355944.1.fasta	0	0	0	0	0	8383	0	8349	0.000000	0.000000	110319	101944
Node_1	56	5	51	1	271	271	271	271	0.098039	0.019608	110357	110357
Node_2	9	0	9	0	0	0	0	0	0.000000	0.000000	110384	110384
Node_3	6	0	6	0	0	0	0	0	0.000000	0.000000	110365	110365
Node_4	1	0	1	0	0	0	0	0	0.000000	0.000000	110371	110371
Node_5	9	0	9	0	0	0	0	0	0.000000	0.000000	110376	110376
Node_6	1	0	1	0	0	0	0	0	0.000000	0.000000	110382	110382
Node_7	5	0	5	0	0	0	0	0	0.000000	0.000000	110382	110382
Node_8	9	0	9	0	0	0	0	0	0.000000	0.000000	110364	110364
Node_9	4	0	4	0	0	0	0	0	0.000000	0.000000	110382	110382
Node_10	4	0	4	0	0	0	0	0	0.000000	0.000000	110385	110385
Node_11	22	0	22	0	0	0	0	0	0.000000	0.000000	110387	110387
Node_12	5	0	5	0	0	0	0	0	0.000000	0.000000	110374	110374
Node_13	8	0	8	0	0	0	0	0	0.000000	0.000000	110372	110372
Node_14	10	0	10	0	0	0	0	0	0.000000	0.000000	110372	110372
Node_15	10	0	10	0	0	0	0	0	0.000000	0.000000	110389	110389
Node_16	1	0	1	0	0	0	0	0	0.000000	0.000000	110393	110393
Node_17	1	0	1	0	0	0	0	0	0.000000	0.000000	110372	110372
Node_18	1	0	1	0	0	0	0	0	0.000000	0.000000	110363	110363
Node_19	0	0	0	0	0	0	0	0	0.000000	0.000000	110376	110376
Node_20	4	0	4	0	0	0	0	0	0.000000	0.000000	110358	110358
Node_21	0	0	0	0	0	0	0	0	0.000000	0.000000	110371	110371
Node_22	0	0	0	0	0	0	0	0	0.000000	0.000000	110383	110383
Node_23	1	0	1	0	0	0	0	0	0.000000	0.000000	110383	110383
Node_24	9	0	9	0	0	0	0	0	0.000000	0.000000	110385	110385
Node_25	4	0	4	0	0	0	0	0	0.000000	0.000000	110385	110385
Node_26	4	0	4	0	0	0	0	0	0.000000	0.000000	110385	110385
Node_27	17	0	17	0	0	0	0	0	0.000000	0.000000	110396	110396
Node_28	2	0	2	0	0	0	0	0	0.000000	0.000000	110360	110360
Node_29	28	0	28	0	0	0	0	0	0.000000	0.000000	110360	110360
Node_30	4	0	4	0	0	0	0	0	0.000000	0.000000	110396	110396
Node_31	18	0	18	0	0	0	0	0	0.000000	0.000000	110397	110397
Node_32	12	0	12	0	0	0	0	0	0.000000	0.000000	110403	110403
Node_33	0	0	0	0	0	0	0	0	0.000000	0.000000	110406	110406
Node_34	90	0	90	0	0	302	0	284	0.000000	0.000000	110326	110026
Node_35	579	0	579	0	0	302	0	284	0.000000	0.000000	110331	110031
Node_36	1	0	1	0	0	305	0	279	0.000000	0.000000	110310	110006
Node_37	6	0	6	0	0	305	0	279	0.000000	0.000000	110310	110006
Node_38	21	0	21	0	0	305	0	280	0.000000	0.000000	110316	110012
Node_39	175	3	172	1	3	305	3	284	0.017442	0.005814	110332	110031
Node_40	4	0	4	0	0	302	0	285	0.000000	0.000000	110332	110032
Node_41	13	0	13	0	0	302	0	285	0.000000	0.000000	110338	110038
Node_42	15	0	15	0	0	302	0	281	0.000000	0.000000	110324	110024
Node_43	4	0	4	0	0	302	0	284	0.000000	0.000000	110332	110032
Node_44	18	0	18	0	0	302	0	285	0.000000	0.000000	110343	110043
Node_45	9	0	9	0	0	302	0	285	0.000000	0.000000	110347	110047
Node_46	196	0	196	0	0	302	0	285	0.000000	0.000000	110353	110053
Node_47	227	0	227	0	0	302	0	285	0.000000	0.000000	110361	110060
Node_48	821	10	811	1	146	302	145	285	0.012330	0.001233	110373	110217
Node_49	0	0	0	0	0	8383	0	8349	0.000000	0.000000	110320	101945
Node_50	1	0	1	0	0	8383	0	8349	0.000000	0.000000	110321	101946
Node_51	0	0	0	0	0	8383	0	8349	0.000000	0.000000	110321	101946
Node_52	0	0	0	0	0	8383	0	8349	0.000000	0.000000	110320	101945
Node_53	0	0	0	0	0	8383	0	8349	0.000000	0.000000	110321	101946
Node_54	0	0	0	0	0	8383	0	8349	0.000000	0.000000	110321	101946
Node_55	0	0	0	0	0	8383	0	8349	0.000000	0.000000	110322	101947
Node_56	0	0	0	0	0	8383	0	8349	0.000000	0.000000	110322	101947
Node_57	0	0	0	0	0	8383	0	8349	0.000000	0.000000	110322	101947
Node_58	0	0	0	0	0	8383	0	8349	0.000000	0.000000	110322	101947
Node_59	0	0	0	0	0	8383	0	8349	0.000000	0.000000	110322	101947
Node_60	0	0	0	0	0	8383	0	8349	0.000000	0.000000	110322	101947
Node_61	5	0	5	0	0	8383	0	8349	0.000000	0.000000	110322	101947
Node_62	0	0	0	0	0	8383	0	8349	0.000000	0.000000	110321	101946
Node_63	0	0	0	0	0	8383	0	8349	0.000000	0.000000	110322	101947
Node_64	1	0	1	0	0	8383	0	8349	0.000000	0.000000	110322	101947
Node_65	0	0	0	0	0	8383	0	8349	0.000000	0.000000	110322	101947
Node_66	0	0	0	0	0	8383	0	8349	0.000000	0.000000	110323	101948
Node_67	0	0	0	0	0	8383	0	8349	0.000000	0.000000	110323	101948
Node_68	0	0	0	0	0	8383	0	8349	0.000000	0.000000	110320	101945
Node_69	0	0	0	0	0	8383	0	8349	0.000000	0.000000	110320	101945
Node_70	0	0	0	0	0	8383	0	8349	0.000000	0.000000	110320	101945
Node_71	1	0	1	0	0	8383	0	8349	0.000000	0.000000	110321	101946
Node_72	2	0	2	0	0	8383	0	8349	0.000000	0.000000	110323	101948
Node_73	0	0	0	0	0	8383	0	8349	0.000000	0.000000	110319	101944
Node_74	0	0	0	0	0	8383	0	8349	0.000000	0.000000	110319	101944
Node_75	0	0	0	0	0	8383	0	8349	0.000000	0.000000	110321	101946
Node_76	0	0	0	0	0	8383	0	8349	0.000000	0.000000	110321	101946
Node_77	0	0	0	0	0	8383	0	8349	0.000000	0.000000	110319	101944
Node_78	0	0	0	0	0	8383	0	8349	0.000000	0.000000	110321	101946
Node_79	0	0	0	0	0	8383	0	8349	0.000000	0.000000	110321	101946
Node_80	1	0	1	0	0	8383	0	8349	0.000000	0.000000	110318	101943
Node_81	0	0	0	0	0	8383	0	8349	0.000000	0.000000	110318	101943
Node_82	0	0	0	0	0	8383	0	8349	0.000000	0.000000	110318	101943
Node_83	0	0	0	0	0	8383	0	8349	0.000000	0.000000	110318	101943
Node_84	0	0	0	0	0	8383	0	8349	0.000000	0.000000	110318	101943
Node_85	0	0	0	0	0	8383	0	8349	0.000000	0.000000	110318	101943
Node_86	0	0	0	0	0	8383	0	8349	0.000000	0.000000	110319	101944
Node_87	0	0	0	0	0	8383	0	8349	0.000000	0.000000	110319	101944
Node_88	1	0	1	0	0	8383	0	8349	0.000000	0.000000	110320	101945
Node_89	0	0	0	0	0	8383	0	8349	0.000000	0.000000	110320	101945
Node_90	0	0	0	0	0	8383	0	8349	0.000000	0.000000	110319	101944
Node_91	0	0	0	0	0	8383	0	8349	0.000000	0.000000	110318	101943
Node_92	1	0	1	0	0	8383	0	8349	0.000000	0.000000	110319	101944
Node_93	0	0	0	0	0	8383	0	8349	0.000000	0.000000	110319	101944
Node_94	0	0	0	0	0	8383	0	8349	0.000000	0.000000	110320	101945
Node_95	0	0	0	0	0	8383	0	8349	0.000000	0.000000	110323	101948
Node_96	0	0	0	0	0	8383	0	8349	0.000000	0.000000	110324	101949
Node_97	0	0	0	0	0	8383	0	8349	0.000000	0.000000	110324	101949
Node_98	0	0	0	0	0	8383	0	8349	0.000000	0.000000	110320	101945
Node_99	1	0	1	0	0	8383	0	8349	0.000000	0.000000	110318	101943
Node_100	0	0	0	0	0	8383	0	8349	0.000000	0.000000	110318	101943
Node_101	0	0	0	0	0	8383	0	8349	0.000000	0.000000	110319	101944
Node_102	0	0	0	0	0	8383	0	8349	0.000000	0.000000	110320	101945
Node_103	0	0	0	0	0	8383	0	8349	0.000000	0.000000	110320	101945
Node_104	0	0	0	0	0	8383	0	8349	0.000000	0.000000	110320	101945
Node_105	0	0	0	0	0	8383	0	8349	0.000000	0.000000	110325	101950
Node_106	0	0	0	0	0	8383	0	8349	0.000000	0.000000	110325	101950
Node_107	0	0	0	0	0	8383	0	8349	0.000000	0.000000	110325	101950
Node_108	0	0	0	0	0	8383	0	8349	0.000000	0.000000	110325	101950
Node_109	0	0	0	0	0	8383	0	8349	0.000000	0.000000	110325	101950
Node_110	0	0	0	0	0	8383	0	8349	0.000000	0.000000	110326	101951
Node_111	0	0	0	0	0	8383	0	8349	0.000000	0.000000	110326	101951
Node_112	0	0	0	0	0	8383	0	8349	0.000000	0.000000	110328	101953
Node_113	0	0	0	0	0	8383	0	8349	0.000000	0.000000	110328	101953
Node_114	202	66	136	6	2979	8383	2975	8349	0.485294	0.044118	110330	104604
Node_115	173	34	139	5	1610	11967	1608	11927	0.244604	0.035971	110322	99360
Node_116	0	0	0	0	0	21121	0	21041	0.000000	0.000000	110315	89202
Node_117	0	0	0	0	0	21121	0	21041	0.000000	0.000000	110315	89202
Node_118	3	0	3	0	0	21121	0	21041	0.000000	0.000000	110315	89202
Node_119	3	0	3	0	0	21121	0	21043	0.000000	0.000000	110320	89207
Node_120	13	0	13	0	0	21121	0	21043	0.000000	0.000000	110320	89207
Node_121	1	0	1	0	0	21121	0	21042	0.000000	0.000000	110321	89208
Node_122	3	0	3	0	0	21121	0	21042	0.000000	0.000000	110321	89208
Node_123	0	0	0	0	0	21121	0	21041	0.000000	0.000000	110313	89199
Node_124	2	0	2	0	0	21121	0	21041	0.000000	0.000000	110313	89199
Node_125	0	0	0	0	0	21121	0	21041	0.000000	0.000000	110317	89203
Node_126	5	0	5	0	0	21121	0	21041	0.000000	0.000000	110317	89203
Node_127	1	0	1	0	0	21121	0	21041	0.000000	0.000000	110317	89203
Node_128	3	0	3	0	0	21121	0	21041	0.000000	0.000000	110317	89203
Node_129	2	0	2	0	0	21121	0	21042	0.000000	0.000000	110321	89207
Node_130	0	0	0	0	0	21121	0	21042	0.000000	0.000000	110321	89207
Node_131	0	0	0	0	0	21121	0	21041	0.000000	0.000000	110319	89205
Node_132	1	0	1	0	0	21121	0	21041	0.000000	0.000000	110317	89203
Node_133	2	0	2	0	0	21121	0	21041	0.000000	0.000000	110317	89203
Node_134	0	0	0	0	0	21121	0	21041	0.000000	0.000000	110317	89203
Node_135	0	0	0	0	0	21121	0	21041	0.000000	0.000000	110319	89205
Node_136	0	0	0	0	0	21121	0	21041	0.000000	0.000000	110320	89206
Node_137	3	0	3	0	0	21121	0	21042	0.000000	0.000000	110321	89207
Node_138	1	0	1	0	0	21121	0	21042	0.000000	0.000000	110321	89207
Node_139	5	0	5	0	0	21121	0	21043	0.000000	0.000000	110324	89210
Node_140	1	0	1	0	0	21121	0	21043	0.000000	0.000000	110325	89211
Node_141	224	69	155	5	2261	21121	2237	21043	0.445161	0.032258	110325	89409
Node_142	178	67	111	6	3240	22564	3232	22486	0.603604	0.054054	110326	89411
Node_143	116	59	57	6	6058	20923	6053	20846	1.035088	0.105263	110333	92864
Node_144	111	69	42	6	4293	17476	4277	17405	1.642857	0.142857	110337	96680
Node_145	77	35	42	5	3122	13664	3101	13608	0.833333	0.119048	110337	99374
Node_146	111	61	50	6	5545	10970	5535	10930	1.220000	0.120000	110339	104612
Node_147	190	63	127	7	3370	5734	3368	5704	0.496063	0.055118	110348	107986
Node_148	205	33	172	4	1857	2364	1831	2336	0.191860	0.023256	110352	109691
Node_149	3	0	3	0	0	663	0	645	0.000000	0.000000	110324	109664
Node_150	6	0	6	0	0	663	0	645	0.000000	0.000000	110514	109854
Node_151	2	0	2	0	0	663	0	645	0.000000	0.000000	110517	109857
Node_152	1	0	1	0	0	663	0	645	0.000000	0.000000	110324	109664
Node_153	2	0	2	0	0	663	0	645	0.000000	0.000000	110518	109858
Node_154	4	0	4	0	0	663	0	645	0.000000	0.000000	110518	109858
Node_155	1	0	1	0	0	663	0	645	0.000000	0.000000	110321	109661
Node_156	3	0	3	0	0	663	0	645	0.000000	0.000000	110324	109664
Node_157	1	0	1	0	0	663	0	645	0.000000	0.000000	110323	109663
Node_158	2	0	2	0	0	663	0	645	0.000000	0.000000	110323	109663
Node_159	5	0	5	0	0	663	0	645	0.000000	0.000000	110324	109664
Node_160	2	0	2	0	0	663	0	645	0.000000	0.000000	110326	109666
Node_161	0	0	0	0	0	663	0	645	0.000000	0.000000	110326	109666
Node_162	4	0	4	0	0	663	0	645	0.000000	0.000000	110328	109668
Node_163	4	0	4	0	0	663	0	645	0.000000	0.000000	110322	109662
Node_164	3	0	3	0	0	663	0	645	0.000000	0.000000	110328	109668
Node_165	1	0	1	0	0	663	0	645	0.000000	0.000000	110326	109666
Node_166	0	0	0	0	0	663	0	645	0.000000	0.000000	110326	109666
Node_167	0	0	0	0	0	663	0	645	0.000000	0.000000	110325	109665
Node_168	1	0	1	0	0	663	0	645	0.000000	0.000000	110327	109667
Node_169	4	0	4	0	0	663	0	645	0.000000	0.000000	110329	109669
Node_170	0	0	0	0	0	663	0	645	0.000000	0.000000	110325	109665
Node_171	0	0	0	0	0	663	0	645	0.000000	0.000000	110324	109664
Node_172	0	0	0	0	0	663	0	645	0.000000	0.000000	110323	109663
Node_173	0	0	0	0	0	663	0	645	0.000000	0.000000	110323	109663
Node_174	0	0	0	0	0	663	0	645	0.000000	0.000000	110321	109661
Node_175	0	0	0	0	0	663	0	645	0.000000	0.000000	110325	109665
Node_176	0	0	0	0	0	663	0	645	0.000000	0.000000	110326	109666
Node_177	0	0	0	0	0	663	0	645	0.000000	0.000000	110327	109667
Node_178	0	0	0	0	0	663	0	645	0.000000	0.000000	110325	109665
Node_179	0	0	0	0	0	663	0	645	0.000000	0.000000	110327	109667
Node_180	0	0	0	0	0	663	0	645	0.000000	0.000000	110329	109669
Node_181	0	0	0	0	0	663	0	645	0.000000	0.000000	110329	109669
Node_182	0	0	0	0	0	663	0	645	0.000000	0.000000	110329	109669
Node_183	0	0	0	0	0	663	0	645	0.000000	0.000000	110329	109669
Node_184	0	0	0	0	0	663	0	645	0.000000	0.000000	110329	109669
Node_185	0	0	0	0	0	663	0	645	0.000000	0.000000	110321	109661
Node_186	0	0	0	0	0	663	0	645	0.000000	0.000000	110321	109661
Node_187	0	0	0	0	0	663	0	644	0.000000	0.000000	110291	109632
Node_188	0	0	0	0	0	663	0	644	0.000000	0.000000	110293	109634
Node_189	0	0	0	0	0	663	0	644	0.000000	0.000000	110297	109638
Node_190	0	0	0	0	0	663	0	644	0.000000	0.000000	110300	109641
Node_191	0	0	0	0	0	663	0	645	0.000000	0.000000	110326	109666
Node_192	0	0	0	0	0	663	0	645	0.000000	0.000000	110327	109667
Node_193	0	0	0	0	0	663	0	645	0.000000	0.000000	110327	109667
Node_194	0	0	0	0	0	663	0	645	0.000000	0.000000	110329	109669
Node_195	0	0	0	0	0	663	0	645	0.000000	0.000000	110329	109669
Node_196	0	0	0	0	0	663	0	645	0.000000	0.000000	110335	109675
Node_197	10	0	10	0	0	663	0	645	0.000000	0.000000	110335	109675
Node_198	1	0	1	0	0	663	0	645	0.000000	0.000000	110326	109666
Node_199	1	0	1	0	0	663	0	645	0.000000	0.000000	110321	109661
Node_200	0	0	0	0	0	663	0	645	0.000000	0.000000	110326	109666
Node_201	0	0	0	0	0	663	0	645	0.000000	0.000000	110326	109666
Node_202	0	0	0	0	0	663	0	645	0.000000	0.000000	110327	109667
Node_203	0	0	0	0	0	663	0	645	0.000000	0.000000	110327	109667
Node_204	1	0	1	0	0	663	0	645	0.000000	0.000000	110321	109661
Node_205	0	0	0	0	0	663	0	645	0.000000	0.000000	110325	109665
Node_206	0	0	0	0	0	663	0	645	0.000000	0.000000	110329	109669
Node_207	0	0	0	0	0	663	0	645	0.000000	0.000000	110329	109669
Node_208	0	0	0	0	0	663	0	645	0.000000	0.000000	110330	109670
Node_209	0	0	0	0	0	663	0	645	0.000000	0.000000	110325	109665
Node_210	0	0	0	0	0	663	0	645	0.000000	0.000000	110326	109666
Node_211	0	0	0	0	0	663	0	645	0.000000	0.000000	110327	109667
Node_212	0	0	0	0	0	663	0	645	0.000000	0.000000	110328	109668
Node_213	0	0	0	0	0	663	0	645	0.000000	0.000000	110328	109668
Node_214	0	0	0	0	0	663	0	645	0.000000	0.000000	110330	109670
Node_215	0	0	0	0	0	663	0	645	0.000000	0.000000	110330	109670
Node_216	0	0	0	0	0	663	0	645	0.000000	0.000000	110330	109670
Node_217	1	0	1	0	0	663	0	645	0.000000	0.000000	110324	109664
Node_218	1	0	1	0	0	663	0	645	0.000000	0.000000	110330	109670
Node_219	0	0	0	0	0	663	0	645	0.000000	0.000000	110325	109665
Node_220	0	0	0	0	0	663	0	645	0.000000	0.000000	110325	109665
Node_221	0	0	0	0	0	663	0	645	0.000000	0.000000	110326	109666
Node_222	0	0	0	0	0	663	0	645	0.000000	0.000000	110323	109663
Node_223	0	0	0	0	0	663	0	645	0.000000	0.000000	110326	109666
Node_224	0	0	0	0	0	663	0	645	0.000000	0.000000	110325	109665
Node_225	0	0	0	0	0	663	0	645	0.000000	0.000000	110328	109668
Node_226	0	0	0	0	0	663	0	645	0.000000	0.000000	110330	109670
Node_227	1	0	1	0	0	663	0	645	0.000000	0.000000	110330	109670
Node_228	0	0	0	0	0	663	0	645	0.000000	0.000000	110330	109670
Node_229	0	0	0	0	0	663	0	645	0.000000	0.000000	110325	109665
Node_230	0	0	0	0	0	663	0	645	0.000000	0.000000	110325	109665
Node_231	1	0	1	0	0	663	0	645	0.000000	0.000000	110330	109670
Node_232	0	0	0	0	0	663	0	645	0.000000	0.000000	110330	109670
Node_233	0	0	0	0	0	663	0	645	0.000000	0.000000	110324	109664
Node_234	0	0	0	0	0	663	0	645	0.000000	0.000000	110330	109670
Node_235	0	0	0	0	0	663	0	645	0.000000	0.000000	110336	109676
Node_236	0	0	0	0	0	663	0	645	0.000000	0.000000	110326	109666
Node_237	2	0	2	0	0	663	0	645	0.000000	0.000000	110325	109665
Node_238	1	0	1	0	0	663	0	645	0.000000	0.000000	110326	109666
Node_239	1	0	1	0	0	663	0	645	0.000000	0.000000	110329	109668
Node_240	0	0	0	0	0	663	0	645	0.000000	0.000000	110335	109674
Node_241	1	0	1	0	0	663	0	645	0.000000	0.000000	110335	109674
Node_242	3	0	3	0	0	663	0	645	0.000000	0.000000	110339	109678
Node_243	0	0	0	0	0	663	0	645	0.000000	0.000000	110342	109681
Node_244	2	0	2	0	0	663	0	645	0.000000	0.000000	110344	109683
Node_245	4	0	4	0	0	663	0	645	0.000000	0.000000	110344	109683
Node_246	5	0	5	0	0	663	0	645	0.000000	0.000000	110346	109685
Node_247	48	0	48	0	0	663	0	645	0.000000	0.000000	110538	109877
Node_248	0	0	0	0	0	663	0	645	0.000000	0.000000	110324	109664
Node_249	1	0	1	0	0	663	0	645	0.000000	0.000000	110325	109665
Node_250	0	0	0	0	0	663	0	645	0.000000	0.000000	110325	109665
Node_251	0	0	0	0	0	663	0	645	0.000000	0.000000	110324	109664
Node_252	0	0	0	0	0	663	0	645	0.000000	0.000000	110325	109665
Node_253	0	0	0	0	0	663	0	645	0.000000	0.000000	110326	109666
Node_254	0	0	0	0	0	663	0	645	0.000000	0.000000	110326	109666
Node_255	0	0	0	0	0	663	0	645	0.000000	0.000000	110326	109666
Node_256	0	0	0	0	0	663	0	645	0.000000	0.000000	110324	109664
Node_257	0	0	0	0	0	663	0	645	0.000000	0.000000	110325	109665
Node_258	0	0	0	0	0	663	0	645	0.000000	0.000000	110326	109666
Node_259	0	0	0	0	0	663	0	645	0.000000	0.000000	110326	109666
Node_260	1	0	1	0	0	663	0	645	0.000000	0.000000	110326	109666
Node_261	0	0	0	0	0	663	0	645	0.000000	0.000000	110326	109666
Node_262	0	0	0	0	0	663	0	645	0.000000	0.000000	110325	109665
Node_263	0	0	0	0	0	663	0	645	0.000000	0.000000	110324	109664
Node_264	0	0	0	0	0	663	0	645	0.000000	0.000000	110325	109665
Node_265	0	0	0	0	0	663	0	645	0.000000	0.000000	110325	109665
Node_266	0	0	0	0	0	663	0	645	0.000000	0.000000	110326	109666
Node_267	0	0	0	0	0	663	0	645	0.000000	0.000000	110326	109666
Node_268	1	0	1	0	0	663	0	645	0.000000	0.000000	110326	109666
Node_269	1	0	1	0	0	663	0	645	0.000000	0.000000	110325	109665
Node_270	0	0	0	0	0	663	0	645	0.000000	0.000000	110326	109666
Node_271	0	0	0	0	0	663	0	645	0.000000	0.000000	110326	109666
Node_272	0	0	0	0	0	663	0	645	0.000000	0.000000	110327	109667
Node_273	0	0	0	0	0	663	0	645	0.000000	0.000000	110333	109673
Node_274	0	0	0	0	0	663	0	645	0.000000	0.000000	110333	109673
Node_275	0	0	0	0	0	663	0	645	0.000000	0.000000	110324	109664
Node_276	1	0	1	0	0	663	0	645	0.000000	0.000000	110324	109664
Node_277	2	0	2	0	0	663	0	645	0.000000	0.000000	110333	109673
Node_278	0	0	0	0	0	663	0	645	0.000000	0.000000	110326	109666
Node_279	0	0	0	0	0	663	0	645	0.000000	0.000000	110325	109665
Node_280	0	0	0	0	0	663	0	645	0.000000	0.000000	110326	109666
Node_281	0	0	0	0	0	663	0	645	0.000000	0.000000	110326	109666
Node_282	0	0	0	0	0	663	0	645	0.000000	0.000000	110326	109666
Node_283	0	0	0	0	0	663	0	645	0.000000	0.000000	110326	109666
Node_284	0	0	0	0	0	663	0	645	0.000000	0.000000	110326	109666
Node_285	7	0	7	0	0	663	0	645	0.000000	0.000000	110333	109673
Node_286	17	0	17	0	0	663	0	645	0.000000	0.000000	110333	109673
Node_287	130	0	130	0	0	663	0	645	0.000000	0.000000	110540	109879
Node_288	553	22	531	2	507	663	505	645	0.041431	0.003766	110560	110404
Node_289	1381	22	1359	2	156	156	140	140	0.016188	0.001472	110626	110626
Node_290	0	0	0	0	0	0	0	0	0.000000	0.000000	110703	110703
