Name,Africa,Asia,Europe,Host_Cattle,Host_Sheep,Host_Goat,Host_Giraffe,Host_Wildlife,Vaccine,Wild,Recombinant,Ancestral_recombinant,Independent_recombinant,No_recombination,BAPS_cluster_1,BAPS_cluster_2,BAPS_cluster_3,BAPS_cluster_4,BAPS_cluster_5
SRR21590382,0,1,0,1,0,0,0,0,0,1,0,0,0,1,0,0,0,0,1
OR393177.1,0,1,0,1,0,0,0,0,0,1,0,0,0,1,0,0,0,0,1
SRR26747380_SRR26747379_Merged,0,0,1,1,0,0,0,0,0,1,0,0,0,1,0,0,0,0,1
MN072620.1,0,1,0,0,0,1,0,0,0,1,0,0,0,1,0,0,1,0,0
SRR29762742,0,1,0,1,0,0,0,0,0,1,0,0,0,1,0,0,0,0,1
PQ727633.1,0,0,1,1,0,0,0,0,0,1,0,1,0,0,1,0,0,0,0
PQ727627.1,0,0,1,1,0,0,0,0,0,1,0,1,0,0,1,0,0,0,0
OR134837.1,0,0,1,1,0,0,0,0,0,1,0,0,0,1,0,0,0,0,1
SRR27563729,1,0,0,1,0,0,0,0,0,1,0,0,0,1,0,0,0,0,1
OP297402.1,0,1,0,1,0,0,0,0,0,1,0,0,0,1,0,0,0,0,1
PV877838.1,0,1,0,1,0,0,0,0,0,1,0,0,0,1,0,0,0,0,1
MZ577073.1,0,1,0,1,0,0,0,0,0,0,1,1,0,0,1,0,0,0,0
PP145891.1,0,1,0,1,0,0,0,0,0,1,0,1,0,0,1,0,0,0,0
AF409138.1,1,0,0,1,0,0,0,0,1,0,0,1,0,0,0,0,0,1,0
PX127683.1,0,1,0,1,0,0,0,0,0,1,0,1,0,0,1,0,0,0,0
OM984486.1,0,1,0,1,0,0,0,0,0,1,0,1,0,0,1,0,0,0,0
PQ727630.1,0,0,1,1,0,0,0,0,0,1,0,1,0,0,1,0,0,0,0
NC_004002.1,0,1,0,0,1,0,0,0,0,1,0,0,0,1,0,1,0,0,0
OR393171.1,0,1,0,1,0,0,0,0,0,1,0,0,0,1,0,0,0,0,1
OM793606.1,1,0,0,1,0,0,0,0,0,1,0,1,0,0,0,0,0,1,0
KX764644.1,1,0,0,1,0,0,0,0,1,0,0,1,0,0,0,0,0,1,0
SRR26747368_SRR26747369_Merged,0,0,1,1,0,0,0,0,0,1,0,0,0,1,0,0,0,0,1
OQ434239.1,0,0,1,0,1,0,0,0,0,1,0,0,0,1,0,1,0,0,0
OM793607.1,1,0,0,1,0,0,0,0,0,1,0,1,0,0,0,0,0,1,0
PQ727631.1,0,0,1,1,0,0,0,0,0,1,0,1,0,0,1,0,0,0,0
MN072626.1,0,1,0,0,1,0,0,0,1,0,0,0,0,1,0,1,0,0,0
PP843160.1,0,0,1,0,1,0,0,0,0,1,0,0,0,1,0,1,0,0,0
MN636840.1,1,0,0,1,0,0,0,0,0,1,0,1,0,0,0,0,0,1,0
SRR26747378_SRR26747377_Merged,0,0,1,1,0,0,0,0,0,1,0,0,0,1,0,0,0,0,1
OR134833.1,0,0,1,1,0,0,0,0,0,1,0,0,0,1,0,0,0,0,1
PQ472736.1,0,1,0,1,0,0,0,0,0,1,0,0,0,1,0,0,0,0,1
PQ727628.1,0,0,1,1,0,0,0,0,0,1,0,1,0,0,1,0,0,0,0
SRR26747394_SRR26747395_Merged,0,0,1,1,0,0,0,0,0,1,0,0,0,1,0,0,0,0,1
SRR28085238,1,0,0,1,0,0,0,0,0,1,0,0,0,1,0,0,0,0,1
OR134839.1,0,0,1,1,0,0,0,0,0,1,0,0,0,1,0,0,0,0,1
MN636839.1,1,0,0,1,0,0,0,0,0,1,0,1,0,0,0,0,0,1,0
SRR21590386,0,1,0,1,0,0,0,0,0,1,0,0,0,1,0,0,0,0,1
OQ253250.1,0,1,0,1,0,0,0,0,0,1,0,1,0,0,1,0,0,0,0
MN072629.1,0,1,0,0,1,0,0,0,1,0,0,0,0,1,0,1,0,0,0
ON010590.1,0,0,1,1,0,0,0,0,1,0,0,0,0,1,0,0,0,0,1
OQ434237.1,0,0,1,0,1,0,0,0,0,1,0,0,0,1,0,1,0,0,0
OR393167.1,0,1,0,1,0,0,0,0,0,1,0,0,0,1,0,0,0,0,1
SRR34490579,1,0,0,1,0,0,0,0,0,1,0,0,0,1,0,0,0,0,1
ON152411.1,0,1,0,1,0,0,0,0,0,1,0,1,0,0,1,0,0,0,0
MN636843.1,1,0,0,1,0,0,0,0,0,1,0,1,0,0,0,0,0,1,0
PQ824705.1,0,1,0,1,0,0,0,0,0,1,0,1,0,0,0,0,0,1,0
OR347837.1,0,1,0,1,0,0,0,0,0,1,0,1,0,0,1,0,0,0,0
OR134841.1,0,0,1,1,0,0,0,0,0,1,0,0,0,1,0,0,0,0,1
OK422494.1,0,1,0,1,0,0,0,0,0,1,0,0,0,1,0,0,0,0,1
MH893760.2,0,0,1,1,0,0,0,0,0,1,0,0,0,1,0,0,0,0,1
MW435866.1,1,0,0,1,0,0,0,0,0,1,0,1,0,0,0,0,0,1,0
OR134849.1,0,0,1,1,0,0,0,0,0,1,0,0,0,1,0,0,0,0,1
MH381810.1,0,1,0,0,0,1,0,0,0,1,0,0,0,1,0,0,1,0,0
OR983147.1,0,1,0,1,0,0,0,0,0,1,0,0,0,1,0,0,0,0,1
NC_003027.1,1,0,0,1,0,0,0,0,0,1,0,0,0,1,0,0,0,0,1
MW167070.1,0,1,0,0,1,0,0,0,0,1,0,0,0,1,0,1,0,0,0
MZ577074.1,0,1,0,1,0,0,0,0,0,0,1,1,0,0,1,0,0,0,0
PQ510117.1,0,1,0,1,0,0,0,0,0,1,0,0,0,1,0,0,0,0,1
OR644284.1,1,0,0,0,0,0,1,1,0,1,0,0,0,1,0,0,0,0,1
SRR28085239,1,0,0,1,0,0,0,0,0,1,0,0,0,1,0,0,0,0,1
OR393169.1,0,1,0,1,0,0,0,0,0,1,0,0,0,1,0,0,0,0,1
KX576657.1,0,1,0,0,0,1,0,0,1,0,0,0,0,1,0,0,1,0,0
PV835012.1,0,1,0,1,0,0,0,0,0,1,0,0,0,1,0,0,0,0,1
MN636838.1,1,0,0,1,0,0,0,0,0,1,0,1,0,0,0,0,0,1,0
OR983146.1,0,1,0,1,0,0,0,0,0,1,0,0,0,1,0,0,0,0,1
SRR26747384_SRR26747383_Merged,0,0,1,1,0,0,0,0,0,1,0,0,0,1,0,0,0,0,1
SRR28085235,1,0,0,1,0,0,0,0,0,1,0,0,0,1,0,0,0,0,1
PQ179265.1,0,1,0,1,0,0,0,0,0,1,0,0,0,1,0,0,0,0,1
ON961656.1,0,0,1,0,1,0,0,0,0,1,0,0,0,1,0,1,0,0,0
PQ824704.1,0,1,0,1,0,0,0,0,0,1,0,1,0,0,0,0,0,1,0
OR134847.1,0,0,1,1,0,0,0,0,0,1,0,0,0,1,0,0,0,0,1
MH646674.1,0,0,1,1,0,0,0,0,0,0,1,1,0,0,0,0,0,1,0
PQ510118.1,0,1,0,1,0,0,0,0,0,1,0,0,0,1,0,0,0,0,1
OR393174.1,0,1,0,1,0,0,0,0,0,1,0,0,0,1,0,0,0,0,1
OQ606832.1,0,1,0,1,0,0,0,0,0,1,0,0,0,1,0,0,0,0,1
OR983148.1,0,1,0,1,0,0,0,0,0,1,0,0,0,1,0,0,0,0,1
OR134836.1,0,0,1,1,0,0,0,0,0,1,0,0,0,1,0,0,0,0,1
MN636841.1,1,0,0,1,0,0,0,0,0,1,0,1,0,0,0,0,0,1,0
MT134042.1,0,0,1,1,0,0,0,0,0,0,1,0,1,0,0,0,0,1,0
SRR26747398_SRR26747399_Merged,0,0,1,1,0,0,0,0,0,1,0,0,0,1,0,0,0,0,1
OQ267778.1,0,1,0,1,0,0,0,0,0,1,0,1,0,0,1,0,0,0,0
AY077834.1,0,0,1,0,1,0,0,0,1,0,0,0,0,1,0,1,0,0,0
SRR26747390_SRR26747391_Merged,0,0,1,1,0,0,0,0,0,1,0,0,0,1,0,0,0,0,1
PV796583.1,0,1,0,1,0,0,0,0,0,1,0,1,0,0,1,0,0,0,0
SRR25461324,0,1,0,1,0,0,0,0,0,1,0,0,0,1,0,0,0,0,1
SRR27563731,1,0,0,1,0,0,0,0,0,1,0,0,0,1,0,0,0,0,1
SRR11470182,0,0,1,1,0,0,0,0,1,0,0,0,0,1,0,0,0,0,1
OQ434238.1,0,0,1,0,1,0,0,0,0,1,0,0,0,1,0,1,0,0,0
PP979138.1,0,1,0,1,0,0,0,0,0,1,0,0,0,1,0,0,0,0,1
OR347835.1,0,1,0,1,0,0,0,0,0,1,0,1,0,0,1,0,0,0,0
PP053747.1,0,1,0,1,0,0,0,0,0,1,0,0,0,1,0,0,0,0,1
SRR15145277_SRR15145278_Merged,0,1,0,1,0,0,0,0,0,1,0,1,0,0,1,0,0,0,0
OR797612.1,0,1,0,1,0,0,0,0,0,1,0,0,0,1,0,0,0,0,1
MT992618.1,0,0,1,1,0,0,0,0,0,0,1,1,0,0,0,0,0,1,0
PP886239.1,0,0,1,0,1,0,0,0,0,1,0,0,0,1,0,1,0,0,0
MN642592.1,0,0,1,1,0,0,0,0,0,1,0,0,0,1,0,0,0,0,1
KX894508.1,0,1,0,1,0,0,0,0,0,1,0,0,0,1,0,0,0,0,1
PQ727632.1,0,0,1,1,0,0,0,0,0,1,0,1,0,0,1,0,0,0,0
OL542833.1,0,0,1,1,0,0,0,0,0,1,0,1,0,0,0,0,0,1,0
KX683219.1,1,0,0,1,0,0,0,0,1,0,0,0,0,1,0,0,0,0,1
SRR15145279_SRR15145280_Merged,0,1,0,1,0,0,0,0,0,1,0,1,0,0,1,0,0,0,0
OL752713.2,0,1,0,1,0,0,0,0,0,0,1,1,0,0,1,0,0,0,0
OR134838.1,0,0,1,1,0,0,0,0,0,1,0,0,0,1,0,0,0,0,1
OQ253254.1,0,1,0,1,0,0,0,0,0,1,0,1,0,0,1,0,0,0,0
OR134844.1,0,0,1,1,0,0,0,0,0,1,0,0,0,1,0,0,0,0,1
KX764645.1,1,0,0,1,0,0,0,0,1,0,0,1,0,0,0,0,0,1,0
SRR26792425,0,1,0,1,0,0,0,0,0,1,0,0,0,1,0,0,0,0,1
OQ253252.1,0,1,0,1,0,0,0,0,0,1,0,1,0,0,1,0,0,0,0
PQ824707.1,0,1,0,1,0,0,0,0,0,1,0,1,0,0,0,0,0,1,0
MN072621.1,0,1,0,0,0,1,0,0,0,1,0,0,0,1,0,0,1,0,0
OP688129.1,0,1,0,1,0,0,0,0,0,1,0,0,0,1,0,0,0,0,1
PQ014465.1,0,0,1,0,1,0,0,0,0,1,0,0,0,1,0,1,0,0,0
OR239060.1,0,1,0,0,1,0,0,0,0,1,0,0,0,1,0,1,0,0,0
OR134835.1,0,0,1,1,0,0,0,0,0,1,0,0,0,1,0,0,0,0,1
MW656253.1,1,0,0,1,0,0,0,0,0,1,0,0,0,1,0,0,0,0,1
PQ727626.1,0,0,1,1,0,0,0,0,0,1,0,1,0,0,1,0,0,0,0
SRR26747387_SRR26747376_Merged,0,0,1,1,0,0,0,0,0,1,0,0,0,1,0,0,0,0,1
OR347836.1,0,1,0,1,0,0,0,0,0,1,0,1,0,0,1,0,0,0,0
KY702007.1,0,0,1,1,0,0,0,0,0,1,0,0,0,1,0,0,0,0,1
SRR27563732,1,0,0,1,0,0,0,0,0,1,0,0,0,1,0,0,0,0,1
SRR25046328,0,1,0,1,0,0,0,0,0,1,0,0,0,1,0,0,0,0,1
OM793603.1,0,0,1,1,0,0,0,0,0,1,0,1,0,0,1,0,0,0,0
OM793609.1,1,0,0,1,0,0,0,0,1,0,0,1,0,0,0,0,0,1,0
SRR15145275_SRR15145276_Merged,0,1,0,1,0,0,0,0,0,1,0,1,0,0,1,0,0,0,0
OK422493.1,0,1,0,1,0,0,0,0,0,1,0,0,0,1,0,0,0,0,1
PQ727629.1,0,0,1,1,0,0,0,0,0,1,0,1,0,0,1,0,0,0,0
PP886238.1,0,0,1,0,1,0,0,0,0,1,0,0,0,1,0,1,0,0,0
OR134846.1,0,0,1,1,0,0,0,0,0,1,0,0,0,1,0,0,0,0,1
PX499192.1,0,1,0,0,0,1,0,0,0,1,0,0,0,1,0,0,1,0,0
OQ588787.1,0,1,0,1,0,0,0,0,0,1,0,0,0,1,0,0,0,0,1
MZ577075.1,0,1,0,1,0,0,0,0,0,0,1,1,0,0,1,0,0,0,0
SRR26747364_SRR26747365_Merged,0,0,1,1,0,0,0,0,0,1,0,0,0,1,0,0,0,0,1
SRR28085240,0,1,0,1,0,0,0,0,0,1,0,1,0,0,1,0,0,0,0
OR134834.1,0,0,1,1,0,0,0,0,0,1,0,0,0,1,0,0,0,0,1
OM984485.1,0,1,0,1,0,0,0,0,0,1,0,1,0,0,1,0,0,0,0
KC951854.1,0,1,0,0,0,1,0,0,0,1,0,0,0,1,0,0,1,0,0
PQ824703.1,0,1,0,1,0,0,0,0,0,1,0,1,0,0,0,0,0,1,0
KT438551.1,0,1,0,0,1,0,0,0,0,1,0,0,0,1,0,1,0,0,0
OQ555660.1,0,1,0,1,0,0,0,0,0,1,0,1,0,0,1,0,0,0,0
OQ253253.1,0,1,0,1,0,0,0,0,0,1,0,1,0,0,1,0,0,0,0
OM793605.1,1,0,0,1,0,0,0,0,0,1,0,1,0,0,0,0,0,1,0
MN072625.1,0,1,0,0,0,1,0,0,0,1,0,0,0,1,0,0,1,0,0
OR232414.1,0,1,0,1,0,0,0,0,0,1,0,1,0,0,1,0,0,0,0
MN072627.1,0,1,0,0,1,0,0,0,1,0,0,0,0,1,0,1,0,0,0
OP688128.1,0,1,0,1,0,0,0,0,0,1,0,0,0,1,0,0,0,0,1
AY077835.1,0,0,1,0,0,1,0,0,0,1,0,0,0,1,0,0,1,0,0
OM373209.1,0,1,0,1,0,0,0,0,0,1,0,1,0,0,1,0,0,0,0
MZ577076.1,0,1,0,1,0,0,0,0,0,0,1,1,0,0,1,0,0,0,0
MW883897.1,0,1,0,1,0,0,0,0,0,1,0,0,0,1,0,0,0,0,1
PV434148.1,0,0,1,0,1,0,0,0,0,1,0,0,0,1,0,1,0,0,0
SRR28085237,0,1,0,1,0,0,0,0,0,1,0,0,0,1,0,0,0,0,1
PQ727625.1,0,0,1,1,0,0,0,0,0,1,0,1,0,0,1,0,0,0,0
OR644283.1,1,0,0,0,0,0,0,1,0,1,0,0,0,1,0,0,0,0,1
MN072630.1,0,1,0,0,1,0,0,0,0,1,0,0,0,1,0,1,0,0,0
OR983150.1,0,1,0,1,0,0,0,0,0,1,0,0,0,1,0,0,0,0,1
SRR12021191,1,0,0,1,0,0,0,0,0,1,0,0,0,1,0,0,0,0,1
AY077836.1,0,0,1,0,0,1,0,0,1,0,0,0,0,1,0,0,1,0,0
OR863389.1,0,1,0,1,0,0,0,0,0,1,0,0,0,1,0,0,0,0,1
PQ005629.1,0,1,0,1,0,0,0,0,0,1,0,0,0,1,0,0,0,0,1
MT137384.1,0,1,0,0,1,0,0,0,0,1,0,0,0,1,0,1,0,0,0
SRR28085241,0,1,0,1,0,0,0,0,0,1,0,1,0,0,1,0,0,0,0
MW656252.1,1,0,0,1,0,0,0,0,0,1,0,1,0,0,0,0,0,1,0
OR393170.1,0,1,0,1,0,0,0,0,0,1,0,0,0,1,0,0,0,0,1
PP145892.1,0,1,0,1,0,0,0,0,0,1,0,1,0,0,1,0,0,0,0
OQ200493.1,0,1,0,1,0,0,0,0,0,1,0,1,0,0,1,0,0,0,0
SRR24474207,0,1,0,1,0,0,0,0,0,1,0,0,0,1,0,0,0,0,1
PP886237.1,0,0,1,0,1,0,0,0,0,1,0,0,0,1,0,1,0,0,0
KT438550.1,0,1,0,0,1,0,0,0,0,1,0,0,0,1,0,1,0,0,0
KY829023.3,0,0,1,1,0,0,0,0,0,1,0,0,0,1,0,0,0,0,1
SRR26747396_SRR26747397_Merged,0,0,1,1,0,0,0,0,0,1,0,0,0,1,0,0,0,0,1
OR134842.1,0,0,1,1,0,0,0,0,0,1,0,0,0,1,0,0,0,0,1
MW020570.1,0,0,1,0,0,1,0,0,0,1,0,0,0,1,0,0,1,0,0
OR134845.1,0,0,1,1,0,0,0,0,0,1,0,0,0,1,0,0,0,0,1
NC_004003.1,0,0,1,0,0,1,0,0,0,1,0,0,0,1,0,0,1,0,0
SRR27563723,1,0,0,1,0,0,0,0,0,1,0,0,0,1,0,0,0,0,1
SRR25461327,0,1,0,1,0,0,0,0,0,1,0,0,0,1,0,0,0,0,1
ON961657.1,0,0,1,0,1,0,0,0,0,1,0,0,0,1,0,1,0,0,0
OQ253251.1,0,1,0,1,0,0,0,0,0,1,0,1,0,0,1,0,0,0,0
AY077832.1,0,1,0,0,1,0,0,0,0,1,0,0,0,1,0,1,0,0,0
PQ201927.1,0,1,0,1,0,0,0,0,0,1,0,0,0,1,0,0,0,0,1
MN995838.1,0,1,0,1,0,0,0,0,1,0,0,0,0,1,0,0,0,0,1
OQ511520.1,0,1,0,1,0,0,0,0,0,1,0,1,0,0,1,0,0,0,0
PX497580.1,0,1,0,0,0,1,0,0,0,1,0,0,0,1,0,0,1,0,0
OR232413.1,0,1,0,1,0,0,0,0,0,1,0,1,0,0,1,0,0,0,0
SRR26747366_SRR26747367_Merged,0,0,1,1,0,0,0,0,0,1,0,0,0,1,0,0,0,0,1
PV167793.1,0,1,0,0,1,0,0,0,0,1,0,0,0,1,0,1,0,0,0
SRR27563735,1,0,0,1,0,0,0,0,0,1,0,0,0,1,0,0,0,0,1
OK318001.1,1,0,0,1,0,0,0,0,0,1,0,0,0,1,0,0,0,0,1
AF325528.1,1,0,0,1,0,0,0,0,0,1,0,0,0,1,0,0,0,0,1
ON005067.1,0,0,1,1,0,0,0,0,0,1,0,0,0,1,0,0,0,0,1
SRR27563727,0,1,0,1,0,0,0,0,0,1,0,0,0,1,0,0,0,0,1
MW732649.1,0,1,0,1,0,0,0,0,0,0,1,1,0,0,1,0,0,0,0
MK441838.1,1,0,0,1,0,0,0,0,0,1,0,1,0,0,0,0,0,1,0
PQ824706.1,0,1,0,1,0,0,0,0,0,1,0,1,0,0,0,0,0,1,0
KX764643.1,1,0,0,1,0,0,0,0,1,0,0,1,0,0,0,0,0,1,0
SRR27563725,1,0,0,1,0,0,0,0,0,1,0,0,0,1,0,0,0,0,1
MW699032.1,0,0,1,1,0,0,0,0,0,1,0,0,0,1,0,0,0,0,1
PQ037207.1,0,1,0,1,0,0,0,0,0,1,0,1,0,0,1,0,0,0,0
OP985536.1,0,1,0,1,0,0,0,0,0,1,0,1,0,0,1,0,0,0,0
SRR27563730,0,1,0,1,0,0,0,0,0,1,0,0,0,1,0,0,0,0,1
OM105589.1,0,1,0,1,0,0,0,0,0,1,0,1,0,0,1,0,0,0,0
SRR26747388_SRR26747389_Merged,0,0,1,1,0,0,0,0,0,1,0,0,0,1,0,0,0,0,1
SRR26747382_SRR26747381_Merged,0,0,1,1,0,0,0,0,0,1,0,0,0,1,0,0,0,0,1
OR393175.1,0,1,0,1,0,0,0,0,0,1,0,0,0,1,0,0,0,0,1
MN072623.1,0,1,0,0,0,1,0,0,0,1,0,0,0,1,0,0,1,0,0
SRR26283950,0,0,1,1,0,0,0,0,0,1,0,1,0,0,0,0,0,1,0
PX127681.1,0,1,0,1,0,0,0,0,0,1,0,0,0,1,0,0,0,0,1
PP746705.1,0,1,0,1,0,0,0,0,0,1,0,0,0,1,0,0,0,0,1
SRR27563728,1,0,0,1,0,0,0,0,0,1,0,0,0,1,0,0,0,0,1
OP922506.1,0,1,0,1,0,0,0,0,0,1,0,1,0,0,1,0,0,0,0
OP752701.1,0,1,0,1,0,0,0,0,0,1,0,1,0,0,1,0,0,0,0
SRR27563733,0,1,0,1,0,0,0,0,0,1,0,1,0,0,0,0,0,1,0
PV066182.1,0,1,0,1,0,0,0,0,0,1,0,0,0,1,0,0,0,0,1
OM530217.1,0,0,1,1,0,0,0,0,0,1,0,1,0,0,0,0,0,1,0
OP508345.1,0,1,0,1,0,0,0,0,0,1,0,1,0,0,1,0,0,0,0
MN072619.1,1,0,0,1,0,0,0,0,0,1,0,0,0,1,0,0,0,0,1
MG000156.1,0,1,0,0,1,0,0,0,0,1,0,0,0,1,0,1,0,0,0
OR735987.1,0,1,0,1,0,0,0,0,0,1,0,1,0,0,1,0,0,0,0
PQ682461.1,0,1,0,1,0,0,0,0,0,1,0,1,0,0,1,0,0,0,0
MT007950.1,1,0,0,1,0,0,0,0,0,1,0,0,0,1,0,0,0,0,1
MN072622.1,0,1,0,0,0,1,0,0,0,1,0,0,0,1,0,0,1,0,0
SRR26747374_SRR26747375_Merged,0,0,1,1,0,0,0,0,0,1,0,0,0,1,0,0,0,0,1
OR393172.1,0,1,0,1,0,0,0,0,0,1,0,0,0,1,0,0,0,0,1
OR347834.1,0,1,0,1,0,0,0,0,0,1,0,1,0,0,1,0,0,0,0
OQ427097.1,0,1,0,1,0,0,0,0,0,1,0,0,0,1,0,0,0,0,1
MT130502.2,0,0,1,1,0,0,0,0,1,0,0,0,0,1,0,0,0,0,1
MT643825.1,0,0,1,1,0,0,0,0,0,1,0,0,0,1,0,0,0,0,1
OR134848.1,0,0,1,1,0,0,0,0,0,1,0,1,0,0,0,0,0,1,0
OM803092.1,0,1,0,1,0,0,0,0,0,1,0,1,0,0,1,0,0,0,0
OR194148.1,0,0,1,1,0,0,0,0,0,1,0,1,0,0,0,0,0,1,0
PP894832.1,0,1,0,1,0,0,0,0,0,1,0,1,0,0,1,0,0,0,0
OQ253256.1,0,1,0,1,0,0,0,0,0,1,0,1,0,0,1,0,0,0,0
OR520147.1,0,1,0,1,0,0,0,0,0,1,0,0,0,1,0,0,0,0,1
PP065788.1,1,0,0,1,0,0,0,0,0,1,0,0,0,1,0,0,0,0,1
MW167071.1,1,0,0,0,1,0,0,0,0,1,0,0,0,1,0,1,0,0,0
PQ682462.1,0,1,0,1,0,0,0,0,0,1,0,1,0,0,1,0,0,0,0
SRR25461328,0,1,0,1,0,0,0,0,0,1,0,0,0,1,0,0,0,0,1
MN072624.1,1,0,0,0,0,1,0,0,0,1,0,0,0,1,0,0,1,0,0
OP654649.1,0,1,0,1,0,0,0,0,0,1,0,1,0,0,1,0,0,0,0
OQ349695.1,0,1,0,1,0,0,0,0,0,1,0,1,0,0,1,0,0,0,0
SRR25046331,0,1,0,1,0,0,0,0,0,1,0,0,0,1,0,0,0,0,1
OR983149.1,0,1,0,1,0,0,0,0,0,1,0,0,0,1,0,0,0,0,1
OR567413.1,0,1,0,1,0,0,0,0,0,1,0,1,0,0,1,0,0,0,0
PV066181.1,0,1,0,1,0,0,0,0,0,1,0,0,0,1,0,0,0,0,1
OR134840.1,0,0,1,1,0,0,0,0,0,1,0,0,0,1,0,0,0,0,1
AY077833.1,0,0,1,0,1,0,0,0,0,1,0,0,0,1,0,1,0,0,0
PP756497.1,0,1,0,1,0,0,0,0,1,0,0,0,0,1,0,0,0,0,1
OR983151.1,0,1,0,1,0,0,0,0,0,1,0,0,0,1,0,0,0,0,1
MW030512.1,0,0,1,1,0,0,0,0,0,1,0,0,0,1,0,0,0,0,1
SRR27563726,1,0,0,1,0,0,0,0,0,1,0,0,0,1,0,0,0,0,1
OQ434236.1,0,0,1,0,1,0,0,0,0,1,0,0,0,1,0,1,0,0,0
SRR12021190,1,0,0,1,0,0,0,0,0,1,0,0,0,1,0,0,0,0,1
ON961655.1,0,0,1,0,1,0,0,0,0,1,0,0,0,1,0,1,0,0,0
OR983152.1,0,1,0,1,0,0,0,0,0,1,0,0,0,1,0,0,0,0,1
OR393176.1,0,1,0,1,0,0,0,0,0,1,0,0,0,1,0,0,0,0,1
PP065789.1,1,0,0,1,0,0,0,0,0,1,0,0,0,1,0,0,0,0,1
OQ253255.1,0,1,0,1,0,0,0,0,0,1,0,1,0,0,1,0,0,0,0
OM803091.1,0,1,0,1,0,0,0,0,0,1,0,1,0,0,1,0,0,0,0
SRR27563734,1,0,0,1,0,0,0,0,0,1,0,0,0,1,0,0,0,0,1
OR134843.1,0,0,1,1,0,0,0,0,0,1,0,0,0,1,0,0,0,0,1
MW020571.1,0,0,1,0,1,0,0,0,0,1,0,0,0,1,0,1,0,0,0
AF409137.1,1,0,0,1,0,0,0,0,0,1,0,0,0,1,0,0,0,0,1
OM033705.1,0,1,0,1,0,0,0,0,0,1,0,1,0,0,1,0,0,0,0
MW355944.1,0,1,0,1,0,0,0,0,0,0,1,1,0,0,1,0,0,0,0
OQ267777.1,0,1,0,1,0,0,0,0,0,1,0,1,0,0,1,0,0,0,0
SRR28085236,0,1,0,1,0,0,0,0,0,1,0,0,0,1,0,0,0,0,1
PX127682.1,0,1,0,1,0,0,0,0,0,1,0,1,0,0,1,0,0,0,0
ON400507.1,0,1,0,1,0,0,0,0,0,1,0,0,0,1,0,0,0,0,1
MW631933.1,1,0,0,1,0,0,0,0,0,1,0,0,0,1,0,0,0,0,1
OM793602.1,0,0,1,1,0,0,0,0,0,1,0,1,0,0,1,0,0,0,0
MN072628.1,1,0,0,0,1,0,0,0,0,1,0,0,0,1,0,1,0,0,0
PP886236.1,0,0,1,0,1,0,0,0,0,1,0,0,0,1,0,1,0,0,0
OR134832.1,0,0,1,1,0,0,0,0,0,1,0,0,0,1,0,0,0,0,1
MN072631.1,0,1,0,0,1,0,0,0,1,0,0,0,0,1,0,1,0,0,0
OM793604.1,1,0,0,1,0,0,0,0,0,1,0,1,0,0,0,0,0,1,0
SRR26747386_SRR26747385_Merged,0,0,1,1,0,0,0,0,0,1,0,0,0,1,0,0,0,0,1
MN636842.1,1,0,0,1,0,0,0,0,0,1,0,1,0,0,0,0,0,1,0
PV167794.1,0,1,0,0,0,1,0,0,0,1,0,0,0,1,0,0,1,0,0
OQ434235.1,0,0,1,0,1,0,0,0,0,1,0,0,0,1,0,1,0,0,0
SRR27563724,0,1,0,1,0,0,0,0,0,1,0,0,0,1,0,0,0,0,1
OK422492.1,0,1,0,1,0,0,0,0,0,1,0,0,0,1,0,0,0,0,1
ON616408.1,0,1,0,1,0,0,0,0,0,1,0,1,0,0,1,0,0,0,0
OR393173.1,0,1,0,1,0,0,0,0,0,1,0,0,0,1,0,0,0,0,1
MG972412.1,0,0,1,1,0,0,0,0,1,0,0,1,0,0,0,0,0,1,0
OR644282.1,1,0,0,0,0,0,0,1,0,1,0,0,0,1,0,0,0,0,1
PV022135.1,0,1,0,1,0,0,0,0,0,1,0,0,0,1,0,0,0,0,1
PQ878211.1,0,1,0,1,0,0,0,0,0,1,0,0,0,1,0,0,0,0,1
OR644285.1,1,0,0,0,0,0,0,1,0,1,0,0,0,1,0,0,0,0,1
OR393178.1,0,1,0,1,0,0,0,0,0,1,0,0,0,1,0,0,0,0,1
OM793608.1,1,0,0,1,0,0,0,0,1,0,0,1,0,0,0,0,0,1,0
