Orthogroup,branch,omega_baseline,n_rate_classes,omega_pos,weight_pos,LRT,p_corr,n_codons,product
OG0000057,Node408,0.06591147621452081,1,,0.0,0.0,1.0,661,LSDV094 putative virion core protein [Lumpy skin disease virus NI-2490]
OG0000058,Node408,0.04361226974400374,1,,0.0,0.0,1.0,1156,LSDV116 RNA polymerase subunit [Lumpy skin disease virus NI-2490]
OG0000059,Node408,0.1014194843567064,1,,0.0,0.0,1.0,164,LAP/PHD finger-like protein [Lumpy skin disease virus NI-2490]
OG0000060,Node402,0.4797769185219124,1,,0.0,0.0,1.0,381,G protein-coupled chemokine receptor-like protein [Lumpy skin disease virus NI-2490]
OG0000061,Node408,0.435686179521763,1,,0.0,0.0,1.0,211,ankyrin repeat protein [Lumpy skin disease virus NI-2490]
OG0000063,Node408,10000000000.0,1,10000000000.0,1.0,0.5003948079759084,0.329459457634163,161,IL-18 binding protein [Lumpy skin disease virus NI-2490]
OG0000064,Node406,0.0,1,,0.0,0.0,1.0,101,LSDV016 EGF-like growth factor [Lumpy skin disease virus NI-2490]
OG0000065,Node408,0.1912245562851861,1,,0.0,0.0,1.0,176,anti-apoptotic membrane protein [Lumpy skin disease virus NI-2490]
OG0000067,Node406,10000000000.0,1,10000000000.0,1.0,7.330015534439326,0.009037441079938036,89,hypothetical protein LSDVgp021 [Lumpy skin disease virus NI-2490]
OG0000068,Node406,10000000000.0,1,10000000000.0,1.0,0.2953045208573712,0.3761875504879613,118,hypothetical protein LSDVgp022 [Lumpy skin disease virus NI-2490]
OG0000069,Node408,0.0,1,,0.0,0.0,1.0,216,S-S bond formation pathway protein [Lumpy skin disease virus NI-2490]
OG0000071,Node408,10000000000.0,1,10000000000.0,1.0,1.66861507104295,0.1695413358463157,640,EEV maturation protein [Lumpy skin disease virus NI-2490]
OG0000072,Node404,0.0,1,,0.0,0.0,1.0,370,palmytilated EEV membrane glycoprotein [Lumpy skin disease virus NI-2490]
OG0000083,Node406,0.06829127139692646,1,,0.0,0.0,1.0,635,LSDV084 putative early transcription factor small subunit [Lumpy skin disease virus NI-2490]
OG0000084,Node406,0.1474548094744023,1,,0.0,0.0,1.0,150,late transcription factor VLTF-2 [Lumpy skin disease virus NI-2490]
OG0000085,Node408,0.0,1,,0.0,0.0,1.0,75,LSDV093 hypothetical protein [Lumpy skin disease virus NI-2490]
OG0000086,Node404,0.3260896913077186,1,,0.0,0.0,1.0,161,virion core protein [Lumpy skin disease virus NI-2490]
OG0000087,Node408,0.0,1,,0.0,0.0,1.0,172,LSDV096 RNA polymerase subunit [Lumpy skin disease virus NI-2490]
OG0000089,Node408,0.2608343274343444,1,,0.0,0.0,1.0,714,LSDV098 putative early transcription factor large subunit [Lumpy skin disease virus NI-2490]
OG0000090,Node408,0.1468403112093312,1,,0.0,0.0,1.0,292,LSDV099 putative intermediate transcription factor subunit [Lumpy skin disease virus NI-2490]
OG0000092,Node402,0.02958477570425758,1,,0.0,0.0,1.0,905,LSDV101 putative virion core protein [Lumpy skin disease virus NI-2490]
OG0000093,Node406,0.0,1,,0.0,0.0,1.0,317,LSDV102 hypothetical protein [Lumpy skin disease virus NI-2490]
OG0000094,Node406,0.1383441291943294,1,,0.0,0.0,1.0,190,LSDV103 putative virion core protein [Lumpy skin disease virus NI-2490]
OG0000096,Node400,0.0,1,,0.0,0.0,1.0,95,IMV membrane protein [Lumpy skin disease virus NI-2490]
OG0000098,Node408,0.0,1,,0.0,0.0,1.0,377,LSDV108 putative myristylated membrane protein [Lumpy skin disease virus NI-2490]
OG0000099,Node408,10000000000.0,1,10000000000.0,1.0,2.19035339105244,0.1281196399500056,196,LSDV109 putative phosphorylated IMV membrane protein [Lumpy skin disease virus NI-2490]
OG0000100,Node402,0.1447525192405205,1,,0.0,0.0,1.0,480,LSDV110 putative DNA helicase transcriptional elongation factor [Lumpy skin disease virus NI-2490]
OG0000101,Node402,0.0,1,,0.0,0.0,1.0,74,LSDV111 hypothetical protein [Lumpy skin disease virus NI-2490]
OG0000102,Node406,0.0,1,,0.0,0.0,1.0,430,LSDV112 putative DNA polymerase processivity factor [Lumpy skin disease virus NI-2490]
OG0000104,Node408,0.1895907493418507,1,,0.0,0.0,1.0,149,Hypothetical protein LSDVgp117 [Lumpy skin disease virus NI-2490]
OG0000105,Node406,0.0,1,,0.0,0.0,1.0,140,LSDV118 hypothetical protein [Lumpy skin disease virus NI-2490]
OG0000106,Node408,0.1527993897672563,1,,0.0,0.0,1.0,303,LSDV119 RNA polymerase subunit [Lumpy skin disease virus NI-2490]
OG0000109,Node406,0.1317759401416845,1,,0.0,0.0,1.0,256,LSDV121 putative DNA packaging protein [Lumpy skin disease virus NI-2490]
OG0000110,Node406,0.0,1,,0.0,0.0,1.0,215,EEV glycoprotein [Lumpy skin disease virus NI-2490]
OG0000111,Node408,0.5435630762829613,1,,0.0,0.0,1.0,171,IEV and EEV membrane glycoprotein [Lumpy skin disease virus NI-2490]
OG0000112,Node408,1.074661990275561,1,,0.0,0.0,1.0,191,hypothetical protein LSDVgp124 [Lumpy skin disease virus NI-2490]
OG0000113,Node408,0.1394765870096958,1,,0.0,0.0,1.0,288,hypothetical protein LSDVgp125 [Lumpy skin disease virus NI-2490]
OG0000114,Node406,0.1517558739989259,1,,0.0,0.0,1.0,181,EEV glycoprotein [Lumpy skin disease virus NI-2490]
OG0000115,Node406,0.0,1,,0.0,0.0,1.0,123,hypothetical protein LSDVgp129 [Lumpy skin disease virus NI-2490]
OG0000116,Node406,0.0,1,,0.0,0.0,1.0,171,superoxide dismutase precursor [Lumpy skin disease virus NI-2490]
OG0000117,Node408,0.2350140280573373,1,,0.0,0.0,1.0,560,LSDV133 DNA ligase-like protein [Lumpy skin disease virus NI-2490]
OG0000118,Node406,0.7449248857789648,1,,0.0,0.0,1.0,361,LSDV135 putative IFN-alpha/beta binding protein [Lumpy skin disease virus NI-2490]
OG0000119,Node408,0.2762821991123454,1,,0.0,0.0,1.0,335,LSDV137 hypothetical protein [Lumpy skin disease virus NI-2490]
OG0000120,Node408,0.5895773788863351,2,697.5950777658272,0.140775490479051,103.52976214708,0.0,217,Ig domain OX-2-like protein [Lumpy skin disease virus NI-2490]
OG0000122,Node408,0.299812049186531,1,,0.0,0.0,1.0,240,N1R/p28-like protein [Lumpy skin disease virus NI-2490]
OG0000123,Node406,10000000000.0,1,10000000000.0,1.0,0.3478641048104691,0.3631711399017069,231,EEV Host range protein [Lumpy skin disease virus NI-2490]
