Orthogroup,n_fixed,n_nonsyn,n_codons,KS_D,KS_p,span_frac,q_BH,product
OG0000120,14,12,217,0.8018433179723502,3.3677318467542595e-10,0.1336405529953917,3.0309586620788334e-09,Ig domain OX-2-like protein [Lumpy skin disease virus NI-2490]
OG0000118,7,5,361,0.5148397309062129,0.030040833041874375,0.7950138504155124,0.1351837486884347,LSDV135 putative IFN-alpha/beta binding protein [Lumpy skin disease virus NI-2490]
OG0000122,6,3,240,0.5,0.06558641975308642,0.7916666666666666,0.19675925925925927,N1R/p28-like protein [Lumpy skin disease virus NI-2490]
OG0000104,5,4,149,0.5033557046979866,0.10761764008937096,0.48322147651006714,0.24213969020108464,Hypothetical protein LSDVgp117 [Lumpy skin disease virus NI-2490]
OG0000067,7,7,89,0.39646869983948635,0.16673548567443275,0.48314606741573035,0.30012387421397896,hypothetical protein LSDVgp021 [Lumpy skin disease virus NI-2490]
OG0000058,8,0,1156,0.3313148788927336,0.2767252139595664,0.8762975778546713,0.4150878209393496,LSDV116 RNA polymerase subunit [Lumpy skin disease virus NI-2490]
OG0000092,11,1,905,0.2582621798091411,0.38818354897134766,0.7348066298342542,0.4990931343917327,LSDV101 putative virion core protein [Lumpy skin disease virus NI-2490]
OG0000089,5,3,714,0.35434173669467783,0.4538652672788783,0.623249299719888,0.5105984256887381,LSDV098 putative early transcription factor large subunit [Lumpy skin disease virus NI-2490]
OG0000057,8,2,661,0.24527231467473526,0.6360320962250872,0.7972768532526475,0.6360320962250872,LSDV094 putative virion core protein [Lumpy skin disease virus NI-2490]
