Orthogroup,LSDV,SPPV,GTPV,n_LSDV,n_SPPV,n_GTPV,class,product
OG0000000,1.0,1.0,1.0,240,34,16,Core (هر سه),kelch-like protein [Lumpy skin disease virus NI-2490]
OG0000001,0.8625,0.9705882352941176,1.0,207,33,16,متغیر / میانی,hypothetical protein LSDVgp156 [Lumpy skin disease virus NI-2490]
OG0000002,0.9458333333333333,0.29411764705882354,0.0,227,10,0,متغیر / میانی,Hypothetical protein LSDVgp155 [Lumpy skin disease virus NI-2490]
OG0000003,1.0,0.29411764705882354,1.0,240,10,16,متغیر / میانی,LSDV026 hypothetical protein [Lumpy skin disease virus NI-2490]
OG0000004,0.8083333333333333,0.0,0.0,194,0,0,متغیر / میانی,LSDV154 putative ER-localized apoptosis regulator [Lumpy skin disease virus NI-2490]
OG0000005,1.0,1.0,1.0,240,34,16,Core (هر سه),LSDV087 mutT motif putative gene expression regulator [Lumpy skin disease virus NI-2490]
OG0000006,1.0,1.0,1.0,240,34,16,Core (هر سه),LSDV115 putative intermediate transcription factor subunit [Lumpy skin disease virus NI-2490]
OG0000007,1.0,1.0,1.0,240,34,16,Core (هر سه),Hypothetical protein LSDVgp042 [Lumpy skin disease virus NI-2490]
OG0000008,1.0,1.0,1.0,240,34,16,Core (هر سه),ankyrin repeat protein [Lumpy skin disease virus NI-2490]
OG0000009,1.0,1.0,1.0,240,34,16,Core (هر سه),LSDV066 thymidine kinase [Lumpy skin disease virus NI-2490]
OG0000010,1.0,1.0,1.0,240,34,16,Core (هر سه),RNA helicase NPH-II [Lumpy skin disease virus NI-2490]
OG0000011,0.9958333333333333,1.0,1.0,239,34,16,Core (هر سه),IL-1 receptor-like protein [Lumpy skin disease virus NI-2490]
OG0000012,1.0,1.0,1.0,240,34,16,Core (هر سه),Hypothetical protein LSDVgp036 [Lumpy skin disease virus NI-2490]
OG0000013,1.0,1.0,1.0,240,34,16,Core (هر سه),DNA polymerase [Lumpy skin disease virus NI-2490]
OG0000014,1.0,1.0,1.0,240,34,16,Core (هر سه),putative metalloprotease [Lumpy skin disease virus NI-2490]
OG0000015,1.0,1.0,1.0,240,34,16,Core (هر سه),LSDV064 putative membrane protein [Lumpy skin disease virus NI-2490]
OG0000016,1.0,1.0,1.0,240,34,16,Core (هر سه),LSDV065 hypothetical protein [Lumpy skin disease virus NI-2490]
OG0000017,1.0,1.0,1.0,240,34,16,Core (هر سه),poly(A) polymerase large subunit [Lumpy skin disease virus NI-2490]
OG0000018,1.0,1.0,1.0,240,34,16,Core (هر سه),double-strand RNA-binding protein [Lumpy skin disease virus NI-2490]
OG0000019,1.0,1.0,1.0,240,34,16,Core (هر سه),RNA polymerase subunit [Lumpy skin disease virus NI-2490]
OG0000020,1.0,1.0,1.0,240,34,16,Core (هر سه),Hypothetical protein LSDVgp037 [Lumpy skin disease virus NI-2490]
OG0000021,1.0,1.0,1.0,240,34,16,Core (هر سه),hypothetical protein LSDVgp038 [Lumpy skin disease virus NI-2490]
OG0000022,1.0,1.0,1.0,240,34,16,Core (هر سه),sulfhydryl oxidase [Lumpy skin disease virus NI-2490]
OG0000023,1.0,1.0,1.0,240,34,16,Core (هر سه),putative virion core protein [Lumpy skin disease virus NI-2490]
OG0000024,1.0,1.0,1.0,240,34,16,Core (هر سه),putative DNA-binding virion core protein [Lumpy skin disease virus NI-2490]
OG0000025,1.0,1.0,1.0,240,34,16,Core (هر سه),hypothetical protein LSDVgp044 [Lumpy skin disease virus NI-2490]
OG0000026,1.0,1.0,1.0,240,34,16,Core (هر سه),DNA-binding phosphoprotein [Lumpy skin disease virus NI-2490]
OG0000027,1.0,1.0,1.0,240,34,16,Core (هر سه),LSDV048 putative virion core protein [Lumpy skin disease virus NI-2490]
OG0000028,1.0,1.0,1.0,240,34,16,Core (هر سه),Hypothetical protein LSDVgp051 [Lumpy skin disease virus NI-2490]
OG0000029,1.0,1.0,1.0,240,34,16,Core (هر سه),transcriptional elongation factor [Lumpy skin disease virus NI-2490]
OG0000030,1.0,1.0,1.0,240,34,16,Core (هر سه),glutaredoxin-like protein [Lumpy skin disease virus NI-2490]
OG0000031,1.0,1.0,1.0,240,34,16,Core (هر سه),Hypothetical protein LSDVgp054 [Lumpy skin disease virus NI-2490]
OG0000032,1.0,1.0,1.0,240,34,16,Core (هر سه),RNA polymerase [Lumpy skin disease virus NI-2490]
OG0000033,1.0,1.0,1.0,240,34,16,Core (هر سه),LSDV056 hypothetical protein [Lumpy skin disease virus NI-2490]
OG0000034,1.0,1.0,1.0,240,34,16,Core (هر سه),putative virion core protein [Lumpy skin disease virus NI-2490]
OG0000035,1.0,1.0,1.0,240,34,16,Core (هر سه),late transcription factor VLTF-1 [Lumpy skin disease virus NI-2490]
OG0000036,1.0,1.0,1.0,240,34,16,Core (هر سه),poxvirus myristoylprotein [Lumpy skin disease virus NI-2490]
OG0000037,1.0,1.0,1.0,240,34,16,Core (هر سه),LSDV060 putative myristylated IMV envelope protein [Lumpy skin disease virus NI-2490]
OG0000038,1.0,1.0,1.0,240,34,16,Core (هر سه),hypothetical protein LSDVgp061 [Lumpy skin disease virus NI-2490]
OG0000039,1.0,1.0,1.0,240,34,16,Core (هر سه),LSDV062 hypothetical protein [Lumpy skin disease virus NI-2490]
OG0000040,1.0,1.0,1.0,240,34,16,Core (هر سه),putative host range protein [Lumpy skin disease virus NI-2490]
OG0000041,1.0,1.0,1.0,240,34,16,Core (هر سه),poly(A) polymerase small subunit [Lumpy skin disease virus NI-2490]
OG0000042,1.0,1.0,1.0,240,34,16,Core (هر سه),LSDV070 hypothetical protein [Lumpy skin disease virus NI-2490]
OG0000043,0.9958333333333333,1.0,1.0,239,34,16,Core (هر سه),LSDV074 putative IMV envelope protein [Lumpy skin disease virus NI-2490]
OG0000044,1.0,1.0,1.0,240,34,16,Core (هر سه),LSDV075 RNA polymerase-associated protein [Lumpy skin disease virus NI-2490]
OG0000045,1.0,1.0,1.0,240,34,16,Core (هر سه),late transcription factor VLTF-4 [Lumpy skin disease virus NI-2490]
OG0000046,1.0,1.0,1.0,240,34,16,Core (هر سه),DNA topoisomerase type I [Lumpy skin disease virus NI-2490]
OG0000047,1.0,1.0,1.0,240,34,16,Core (هر سه),LSDV079 mRNA capping enzyme large subunit [Lumpy skin disease virus NI-2490]
OG0000048,1.0,1.0,1.0,240,34,16,Core (هر سه),hypothetical protein LSDVgp080 [Lumpy skin disease virus NI-2490]
OG0000049,1.0,1.0,1.0,240,34,16,Core (هر سه),LSDV081 putative virion protein [Lumpy skin disease virus NI-2490]
OG0000050,1.0,1.0,1.0,240,34,16,Core (هر سه),LSDV082 uracil DNA glycosylase [Lumpy skin disease virus NI-2490]
OG0000051,1.0,1.0,1.0,240,34,16,Core (هر سه),LSDV083 putative NTPase [Lumpy skin disease virus NI-2490]
OG0000052,1.0,1.0,1.0,240,34,16,Core (هر سه),LSDV085 RNA polymerase subunit [Lumpy skin disease virus NI-2490]
OG0000053,1.0,1.0,1.0,240,34,16,Core (هر سه),LSDV086 mutT motif [Lumpy skin disease virus NI-2490]
OG0000054,1.0,1.0,1.0,240,34,16,Core (هر سه),LSDV088 putative transcription termination factor [Lumpy skin disease virus NI-2490]
OG0000055,1.0,1.0,1.0,240,34,16,Core (هر سه),LSDV089 mRNA capping enzyme small subunit [Lumpy skin disease virus NI-2490]
OG0000056,1.0,1.0,1.0,240,34,16,Core (هر سه),LSDV090 putative rifampicin resistance protein [Lumpy skin disease virus NI-2490]
OG0000057,1.0,1.0,1.0,240,34,16,Core (هر سه),LSDV094 putative virion core protein [Lumpy skin disease virus NI-2490]
OG0000058,1.0,1.0,1.0,240,34,16,Core (هر سه),LSDV116 RNA polymerase subunit [Lumpy skin disease virus NI-2490]
OG0000059,1.0,1.0,1.0,240,34,16,Core (هر سه),LAP/PHD finger-like protein [Lumpy skin disease virus NI-2490]
OG0000060,1.0,1.0,1.0,240,34,16,Core (هر سه),G protein-coupled chemokine receptor-like protein [Lumpy skin disease virus NI-2490]
OG0000061,1.0,1.0,1.0,240,34,16,Core (هر سه),ankyrin repeat protein [Lumpy skin disease virus NI-2490]
OG0000062,1.0,1.0,1.0,240,34,16,Core (هر سه),EIF2a-like PKR inhibitor [Lumpy skin disease virus NI-2490]
OG0000063,1.0,1.0,1.0,240,34,16,Core (هر سه),IL-18 binding protein [Lumpy skin disease virus NI-2490]
OG0000064,1.0,1.0,1.0,240,34,16,Core (هر سه),LSDV016 EGF-like growth factor [Lumpy skin disease virus NI-2490]
OG0000065,1.0,1.0,1.0,240,34,16,Core (هر سه),anti-apoptotic membrane protein [Lumpy skin disease virus NI-2490]
OG0000066,1.0,1.0,1.0,240,34,16,Core (هر سه),LSDV020 ribonucleotide reductase small subunit [Lumpy skin disease virus NI-2490]
OG0000067,1.0,1.0,1.0,240,34,16,Core (هر سه),hypothetical protein LSDVgp021 [Lumpy skin disease virus NI-2490]
OG0000068,1.0,1.0,1.0,240,34,16,Core (هر سه),hypothetical protein LSDVgp022 [Lumpy skin disease virus NI-2490]
OG0000069,1.0,1.0,1.0,240,34,16,Core (هر سه),S-S bond formation pathway protein [Lumpy skin disease virus NI-2490]
OG0000070,1.0,1.0,1.0,240,34,16,Core (هر سه),Ser/Thr kinase [Lumpy skin disease virus NI-2490]
OG0000071,1.0,1.0,1.0,240,34,16,Core (هر سه),EEV maturation protein [Lumpy skin disease virus NI-2490]
OG0000072,1.0,1.0,1.0,240,34,16,Core (هر سه),palmytilated EEV membrane glycoprotein [Lumpy skin disease virus NI-2490]
OG0000073,1.0,1.0,1.0,240,34,16,Core (هر سه),hypothetical protein
OG0000074,1.0,1.0,1.0,240,34,16,Core (هر سه),hypothetical protein LSDVgp029 [Lumpy skin disease virus NI-2490]
OG0000075,1.0,1.0,1.0,240,34,16,Core (هر سه),DNA-binding virion core protein [Lumpy skin disease virus NI-2490]
OG0000076,0.9958333333333333,1.0,1.0,239,34,16,Core (هر سه),hypothetical protein LSDVgp033 [Lumpy skin disease virus NI-2490]
OG0000077,0.9958333333333333,1.0,1.0,239,34,16,Core (هر سه),hypothetical protein LSDVgp047 [Lumpy skin disease virus NI-2490]
OG0000078,0.9958333333333333,1.0,1.0,239,34,16,Core (هر سه),DNA-binding virion core protein [Lumpy skin disease virus NI-2490]
OG0000079,0.9958333333333333,1.0,1.0,239,34,16,Core (هر سه),LSDV071 RNA polymerase subunit [Lumpy skin disease virus NI-2490]
OG0000080,0.9958333333333333,1.0,1.0,239,34,16,Core (هر سه),LSDV072 putative protein-tyrosine phosphatase [Lumpy skin disease virus NI-2490]
OG0000081,0.9958333333333333,1.0,1.0,239,34,16,Core (هر سه),putative viral membrane protein [Lumpy skin disease virus NI-2490]
OG0000082,0.9958333333333333,1.0,1.0,239,34,16,Core (هر سه),LSDV078 hypothetical protein [Lumpy skin disease virus NI-2490]
OG0000083,1.0,1.0,1.0,240,34,16,Core (هر سه),LSDV084 putative early transcription factor small subunit [Lumpy skin disease virus NI-2490]
OG0000084,1.0,1.0,1.0,240,34,16,Core (هر سه),late transcription factor VLTF-2 [Lumpy skin disease virus NI-2490]
OG0000085,1.0,1.0,1.0,240,34,16,Core (هر سه),LSDV093 hypothetical protein [Lumpy skin disease virus NI-2490]
OG0000086,1.0,1.0,1.0,240,34,16,Core (هر سه),virion core protein [Lumpy skin disease virus NI-2490]
OG0000087,1.0,1.0,1.0,240,34,16,Core (هر سه),LSDV096 RNA polymerase subunit [Lumpy skin disease virus NI-2490]
OG0000088,1.0,1.0,1.0,240,34,16,Core (هر سه),LSDV097 hypothetical protein [Lumpy skin disease virus NI-2490]
OG0000089,1.0,1.0,1.0,240,34,16,Core (هر سه),LSDV098 putative early transcription factor large subunit [Lumpy skin disease virus NI-2490]
OG0000090,1.0,1.0,1.0,240,34,16,Core (هر سه),LSDV099 putative intermediate transcription factor subunit [Lumpy skin disease virus NI-2490]
OG0000091,1.0,1.0,1.0,240,34,16,Core (هر سه),LSDV100 putative IMV membrane protein [Lumpy skin disease virus NI-2490]
OG0000092,1.0,1.0,1.0,240,34,16,Core (هر سه),LSDV101 putative virion core protein [Lumpy skin disease virus NI-2490]
OG0000093,1.0,1.0,1.0,240,34,16,Core (هر سه),LSDV102 hypothetical protein [Lumpy skin disease virus NI-2490]
OG0000094,1.0,1.0,1.0,240,34,16,Core (هر سه),LSDV103 putative virion core protein [Lumpy skin disease virus NI-2490]
OG0000095,1.0,1.0,1.0,240,34,16,Core (هر سه),IMV membrane protein [Lumpy skin disease virus NI-2490]
OG0000096,1.0,1.0,1.0,240,34,16,Core (هر سه),IMV membrane protein [Lumpy skin disease virus NI-2490]
OG0000097,1.0,1.0,1.0,240,34,16,Core (هر سه),LSDV107 hypothetical protein [Lumpy skin disease virus NI-2490]
OG0000098,1.0,1.0,1.0,240,34,16,Core (هر سه),LSDV108 putative myristylated membrane protein [Lumpy skin disease virus NI-2490]
OG0000099,1.0,1.0,1.0,240,34,16,Core (هر سه),LSDV109 putative phosphorylated IMV membrane protein [Lumpy skin disease virus NI-2490]
OG0000100,1.0,1.0,1.0,240,34,16,Core (هر سه),LSDV110 putative DNA helicase transcriptional elongation factor [Lumpy skin disease virus NI-2490]
OG0000101,1.0,1.0,1.0,240,34,16,Core (هر سه),LSDV111 hypothetical protein [Lumpy skin disease virus NI-2490]
OG0000102,1.0,1.0,1.0,240,34,16,Core (هر سه),LSDV112 putative DNA polymerase processivity factor [Lumpy skin disease virus NI-2490]
OG0000103,1.0,1.0,1.0,240,34,16,Core (هر سه),LSDV114 hypothetical protein [Lumpy skin disease virus NI-2490]
OG0000104,1.0,1.0,1.0,240,34,16,Core (هر سه),Hypothetical protein LSDVgp117 [Lumpy skin disease virus NI-2490]
OG0000105,1.0,1.0,1.0,240,34,16,Core (هر سه),LSDV118 hypothetical protein [Lumpy skin disease virus NI-2490]
OG0000106,1.0,1.0,1.0,240,34,16,Core (هر سه),LSDV119 RNA polymerase subunit [Lumpy skin disease virus NI-2490]
OG0000107,1.0,1.0,1.0,240,34,16,Core (هر سه),IMV membrane protein [Lumpy skin disease virus NI-2490]
OG0000108,1.0,1.0,1.0,240,34,16,Core (هر سه),hypothetical protein
OG0000109,1.0,1.0,1.0,240,34,16,Core (هر سه),LSDV121 putative DNA packaging protein [Lumpy skin disease virus NI-2490]
OG0000110,1.0,1.0,1.0,240,34,16,Core (هر سه),EEV glycoprotein [Lumpy skin disease virus NI-2490]
OG0000111,1.0,1.0,1.0,240,34,16,Core (هر سه),IEV and EEV membrane glycoprotein [Lumpy skin disease virus NI-2490]
OG0000112,1.0,1.0,1.0,240,34,16,Core (هر سه),hypothetical protein LSDVgp124 [Lumpy skin disease virus NI-2490]
OG0000113,1.0,1.0,1.0,240,34,16,Core (هر سه),hypothetical protein LSDVgp125 [Lumpy skin disease virus NI-2490]
OG0000114,1.0,1.0,1.0,240,34,16,Core (هر سه),EEV glycoprotein [Lumpy skin disease virus NI-2490]
OG0000115,1.0,1.0,1.0,240,34,16,Core (هر سه),hypothetical protein LSDVgp129 [Lumpy skin disease virus NI-2490]
OG0000116,1.0,1.0,1.0,240,34,16,Core (هر سه),superoxide dismutase precursor [Lumpy skin disease virus NI-2490]
OG0000117,1.0,1.0,1.0,240,34,16,Core (هر سه),LSDV133 DNA ligase-like protein [Lumpy skin disease virus NI-2490]
OG0000118,1.0,1.0,1.0,240,34,16,Core (هر سه),LSDV135 putative IFN-alpha/beta binding protein [Lumpy skin disease virus NI-2490]
OG0000119,1.0,1.0,1.0,240,34,16,Core (هر سه),LSDV137 hypothetical protein [Lumpy skin disease virus NI-2490]
OG0000120,1.0,1.0,1.0,240,34,16,Core (هر سه),Ig domain OX-2-like protein [Lumpy skin disease virus NI-2490]
OG0000121,1.0,1.0,1.0,240,34,16,Core (هر سه),LSDV139 putative ser/thr protein kinase [Lumpy skin disease virus NI-2490]
OG0000122,1.0,1.0,1.0,240,34,16,Core (هر سه),N1R/p28-like protein [Lumpy skin disease virus NI-2490]
OG0000123,1.0,1.0,1.0,240,34,16,Core (هر سه),EEV Host range protein [Lumpy skin disease virus NI-2490]
OG0000124,0.9958333333333333,1.0,1.0,239,34,16,Core (هر سه),phospholipase-D-like protein [Lumpy skin disease virus NI-2490]
OG0000125,0.9875,1.0,1.0,237,34,16,Core (هر سه),LSDV149 serpin-like protein [Lumpy skin disease virus NI-2490]
OG0000126,0.9958333333333333,1.0,1.0,239,34,16,Core (هر سه),hypothetical protein LSDVgp007 [Lumpy skin disease virus NI-2490]
OG0000127,0.9958333333333333,1.0,1.0,239,34,16,Core (هر سه),LSDV008 putative soluble interferon gamma receptor [Lumpy skin disease virus NI-2490]
OG0000128,0.9958333333333333,1.0,1.0,239,34,16,Core (هر سه),hypothetical protein LSDVgp030 [Lumpy skin disease virus NI-2490]
OG0000129,0.9958333333333333,1.0,1.0,239,34,16,Core (هر سه),late transcription factor VLTF-3 [Lumpy skin disease virus NI-2490]
OG0000130,0.9958333333333333,1.0,1.0,239,34,16,Core (هر سه),hypothetical protein LSDVgp127 [Lumpy skin disease virus NI-2490]
OG0000131,0.9958333333333333,1.0,1.0,239,34,16,Core (هر سه),CD47-like protein [Lumpy skin disease virus NI-2490]
OG0000132,0.9958333333333333,1.0,1.0,239,34,16,Core (هر سه),hypothetical protein LSDVgp142 [Lumpy skin disease virus NI-2490]
OG0000133,0.9958333333333333,1.0,1.0,239,34,16,Core (هر سه),hypothetical protein LSDVgp143 [Lumpy skin disease virus NI-2490]
OG0000134,0.9916666666666667,1.0,1.0,238,34,16,Core (هر سه),LSDV005 interleukin-10-like protein [Lumpy skin disease virus NI-2490]
OG0000135,0.9916666666666667,1.0,1.0,238,34,16,Core (هر سه),dUTPase [Lumpy skin disease virus NI-2490]
OG0000136,0.9916666666666667,1.0,1.0,238,34,16,Core (هر سه),ankyrin repeat protein [Lumpy skin disease virus NI-2490]
OG0000137,0.9875,1.0,1.0,237,34,16,Core (هر سه),ankyrin-like protein [Lumpy skin disease virus NI-2490]
OG0000138,0.9875,1.0,1.0,237,34,16,Core (هر سه),hypothetical protein LSDVgp150 [Lumpy skin disease virus NI-2490]
OG0000139,0.9875,1.0,1.0,237,34,16,Core (هر سه),kelch-like protein [Lumpy skin disease virus NI-2490]
OG0000140,0.9875,1.0,0.9375,237,34,15,Core (هر سه),Hypothetical protein LSDVgp023 [Lumpy skin disease virus NI-2490]
OG0000141,1.0,1.0,0.5625,240,34,9,متغیر / میانی,putative IMV membrane protein [Lumpy skin disease virus NI-2490]
OG0000142,0.9833333333333333,0.9117647058823529,1.0,236,31,16,Core (هر سه),hypothetical protein LSDVgp130 [Lumpy skin disease virus NI-2490]
OG0000143,0.975,0.9705882352941176,1.0,234,33,16,Core (هر سه),ankyrin-like protein [Lumpy skin disease virus NI-2490]
OG0000144,1.0,0.9411764705882353,0.5,240,32,8,متغیر / میانی,putative alpha aminitin-sensitive protein [Lumpy skin disease virus NI-2490]
OG0000145,0.95,1.0,1.0,228,34,16,Core (هر سه),IMV membrane protein [Lumpy skin disease virus NI-2490]
OG0000146,1.0,0.0,0.75,240,0,12,متغیر / میانی,LSDV013 interleukin-1 receptor-like protein [Lumpy skin disease virus NI-2490]
OG0000147,1.0,0.0,1.0,240,0,16,غایب در SPPV,LSDV136 hypothetical protein [Lumpy skin disease virus NI-2490]
OG0000148,1.0,0.0,0.375,240,0,6,متغیر / میانی,LSDV132 hypothetical protein [Lumpy skin disease virus NI-2490]
OG0000149,0.6333333333333333,1.0,1.0,152,34,16,متغیر / میانی,kelch-like protein [Lumpy skin disease virus NI-2490]
OG0000150,0.775,0.0,0.0,186,0,0,متغیر / میانی,LSDV153 hypothetical protein [Lumpy skin disease virus NI-2490]
OG0000151,0.44166666666666665,1.0,1.0,106,34,16,متغیر / میانی,LSDV134 variola virus B22R-like protein [Lumpy skin disease virus NI-2490]
OG0000152,0.175,0.9705882352941176,1.0,42,33,16,متغیر / میانی,LSDV154 putative ER-localized apoptosis regulator [Lumpy skin disease virus NI-2490]
OG0000153,0.6166666666666667,0.058823529411764705,0.0,148,2,0,متغیر / میانی,LSDV134 variola virus B22R-like protein [Lumpy skin disease virus NI-2490]
OG0000154,0.475,0.0,0.0,114,0,0,متغیر / میانی,kelch-like protein [Lumpy skin disease virus NI-2490]
OG0000155,0.2,0.0,0.0,48,0,0,متغیر / میانی,hypothetical protein
OG0000156,0.06666666666666667,0.0,0.0,16,0,0,متغیر / میانی,hypothetical protein
OG0000157,0.10833333333333334,0.0,0.0,26,0,0,متغیر / میانی,kelch-like protein [Lumpy skin disease virus NI-2490]
OG0000158,0.0,0.5882352941176471,0.0,0,20,0,متغیر / میانی,hypothetical protein
OG0000159,0.07916666666666666,0.0,0.0,19,0,0,متغیر / میانی,hypothetical protein
OG0000160,0.06666666666666667,0.0,0.0,16,0,0,متغیر / میانی,hypothetical protein
OG0000161,0.06666666666666667,0.0,0.0,16,0,0,متغیر / میانی,hypothetical protein
OG0000162,0.058333333333333334,0.0,0.0,14,0,0,متغیر / میانی,hypothetical protein
OG0000163,0.05416666666666667,0.0,0.0,13,0,0,متغیر / میانی,hypothetical protein
OG0000164,0.05416666666666667,0.0,0.0,13,0,0,متغیر / میانی,hypothetical protein
OG0000165,0.004166666666666667,0.0,0.0,1,0,0,متغیر / میانی,hypothetical protein
OG0000166,0.05,0.0,0.0,12,0,0,متغیر / میانی,hypothetical protein
OG0000167,0.016666666666666666,0.20588235294117646,0.0,4,7,0,متغیر / میانی,IMV membrane receptor-like protein [Lumpy skin disease virus NI-2490]
OG0000168,0.0375,0.0,0.0,9,0,0,متغیر / میانی,hypothetical protein
OG0000169,0.03333333333333333,0.0,0.0,8,0,0,متغیر / میانی,EEV maturation protein [Lumpy skin disease virus NI-2490]
OG0000170,0.0,0.0,0.4375,0,0,7,متغیر / میانی,hypothetical protein
OG0000171,0.029166666666666667,0.0,0.0,7,0,0,متغیر / میانی,IEV and EEV membrane glycoprotein [Lumpy skin disease virus NI-2490]
OG0000172,0.029166666666666667,0.0,0.0,7,0,0,متغیر / میانی,hypothetical protein
OG0000173,0.020833333333333332,0.0,0.0,5,0,0,متغیر / میانی,hypothetical protein
OG0000174,0.020833333333333332,0.0,0.0,5,0,0,متغیر / میانی,hypothetical protein
OG0000175,0.016666666666666666,0.0,0.0,4,0,0,متغیر / میانی,hypothetical protein
OG0000176,0.0,0.0,0.125,0,0,2,متغیر / میانی,hypothetical protein
OG0000177,0.016666666666666666,0.0,0.0,4,0,0,متغیر / میانی,kelch-like protein [Lumpy skin disease virus NI-2490]
OG0000178,0.016666666666666666,0.0,0.0,4,0,0,متغیر / میانی,Hypothetical protein LSDVgp036 [Lumpy skin disease virus NI-2490]
OG0000179,0.016666666666666666,0.0,0.0,4,0,0,متغیر / میانی,hypothetical protein
OG0000180,0.004166666666666667,0.0,0.0,1,0,0,متغیر / میانی,hypothetical protein
OG0000181,0.016666666666666666,0.0,0.0,4,0,0,متغیر / میانی,hypothetical protein
OG0000182,0.004166666666666667,0.058823529411764705,0.0,1,2,0,متغیر / میانی,ankyrin-like protein [Lumpy skin disease virus NI-2490]
OG0000183,0.0125,0.0,0.0,3,0,0,متغیر / میانی,hypothetical protein
OG0000184,0.0125,0.0,0.0,3,0,0,متغیر / میانی,hypothetical protein
OG0000185,0.0125,0.0,0.0,3,0,0,متغیر / میانی,hypothetical protein
OG0000186,0.0125,0.0,0.0,3,0,0,متغیر / میانی,hypothetical protein
OG0000187,0.008333333333333333,0.0,0.0,2,0,0,متغیر / میانی,hypothetical protein
OG0000188,0.0125,0.0,0.0,3,0,0,متغیر / میانی,hypothetical protein
OG0000189,0.004166666666666667,0.0,0.0,1,0,0,متغیر / میانی,LSDV154 putative ER-localized apoptosis regulator [Lumpy skin disease virus NI-2490]
OG0000190,0.008333333333333333,0.0,0.0,2,0,0,متغیر / میانی,LSDV134 variola virus B22R-like protein [Lumpy skin disease virus NI-2490]
OG0000191,0.0,0.0,0.0625,0,0,1,متغیر / میانی,hypothetical protein
OG0000192,0.004166666666666667,0.029411764705882353,0.0,1,1,0,متغیر / میانی,hypothetical protein
OG0000193,0.008333333333333333,0.0,0.0,2,0,0,متغیر / میانی,LSDV056 hypothetical protein [Lumpy skin disease virus NI-2490]
OG0000194,0.008333333333333333,0.0,0.0,2,0,0,متغیر / میانی,EEV glycoprotein [Lumpy skin disease virus NI-2490]
OG0000195,0.008333333333333333,0.0,0.0,2,0,0,متغیر / میانی,LSDV071 RNA polymerase subunit [Lumpy skin disease virus NI-2490]
OG0000196,0.008333333333333333,0.0,0.0,2,0,0,متغیر / میانی,hypothetical protein
OG0000197,0.008333333333333333,0.0,0.0,2,0,0,متغیر / میانی,hypothetical protein
OG0000198,0.008333333333333333,0.0,0.0,2,0,0,متغیر / میانی,hypothetical protein
OG0000199,0.008333333333333333,0.0,0.0,2,0,0,متغیر / میانی,hypothetical protein
OG0000200,0.004166666666666667,0.0,0.0,1,0,0,متغیر / میانی,hypothetical protein
OG0000201,0.008333333333333333,0.0,0.0,2,0,0,متغیر / میانی,hypothetical protein
OG0000202,0.008333333333333333,0.0,0.0,2,0,0,متغیر / میانی,hypothetical protein
OG0000203,0.008333333333333333,0.0,0.0,2,0,0,متغیر / میانی,hypothetical protein
OG0000204,0.004166666666666667,0.0,0.0,1,0,0,متغیر / میانی,Entry-fusion complex protein OPG076
OG0000205,0.004166666666666667,0.0,0.0,1,0,0,متغیر / میانی,Gag-Pro-Pol polyprotein
